device,peo,salt,g_on_uS
NM_v149,0.15,0.09,0.002797
NM_v150,0.15,0.045,0.006659999999999999
NM_v151,0.15,0.18,0.009742500000000001
NM_v092,0.3,0.09,1.530596
NM_v093,0.3,0.09,59.305661
NM_v095,0.3,0.09,11.075284
NM_v114,0.3,0.09,0.0580075
NM_v140,0.3,0.09,1.866255
NM_v141,0.3,0.18,0.016144
NM_v146,0.3,0.09,0.922299
NM_v147,0.3,0.045,2.5242265
NM_v148,0.3,0.18,0.014427
NM_v164,0.3,0.09,1.5392675000000002
NM_v165,0.3,0.09,0.1182325
NM_v166,0.3,0.09,0.140808
NM_v167,0.3,0.09,4.1963965
NM_v168,0.3,0.09,2.984102
NM_v169,0.3,0.09,7.3017005
NM_v241,0.3,0.09,1.0293415000000001
NM_v244,0.3,0.045,26.804277499999998
NM_v247,0.3,0.09,0.0158875
NM_v259,0.3,0.045,7.826219
NM_v260,0.3,0.045,5.3712275
NM_v142,0.6,0.09,61.0575205
NM_v143,0.6,0.18,83.611435
NM_v152,0.6,0.09,40.2958995
NM_v153,0.6,0.045,884.1734915
NM_v154,0.6,0.18,116.08376799999999
NM_v170,0.6,0.09,484.20453000000003
NM_v171,0.6,0.09,244.510923
NM_v172,0.6,0.09,1131.480237
NM_v242,0.6,0.09,58.873253000000005
NM_v245,0.6,0.18,38.835191
NM_v261,0.6,0.045,107.25979699999999
NM_v262,0.6,0.045,42.1178535
NM_v144,1.2,0.09,7.304646
NM_v145,1.2,0.18,1.003167
NM_v155,1.2,0.09,106.430708
NM_v156,1.2,0.045,59.6375505
NM_v157,1.2,0.18,5.809251
NM_v173,1.2,0.09,47.675199
NM_v174,1.2,0.09,111.9631645
NM_v175,1.2,0.09,169.1157705
NM_v243,1.2,0.09,101.558605
NM_v246,1.2,0.18,17.9555995
NM_v263,1.2,0.045,74.0792045
NM_v264,1.2,0.045,75.358875
