metric,peo,salt,n,median,interval_method,ci_lo,ci_hi
t_half_s,0.3,0.045,4,15.83,bootstrap_95,3.31,36.72
t_half_s,0.3,0.09,3,19.2,bootstrap_95,18.55,21.97
t_half_s,0.6,0.045,2,2.765,observed_range,2.27,3.26
t_half_s,0.6,0.09,3,3.5,bootstrap_95,2.85,4.24
t_half_s,0.6,0.18,2,5.54,observed_range,4.33,6.75
t_half_s,1.2,0.045,3,2.74,bootstrap_95,1.6,2.86
t_half_s,1.2,0.09,3,5.98,bootstrap_95,4.13,6.8
t_half_s,1.2,0.18,3,9.04,bootstrap_95,6.59,11.24
growth_exp,0.3,0.045,4,1.1095,bootstrap_95,1.025,1.229
growth_exp,0.3,0.09,4,0.895,bootstrap_95,0.824,0.913
growth_exp,0.3,0.18,2,0.184,observed_range,0.183,0.185
growth_exp,0.6,0.045,3,0.573,bootstrap_95,0.31,0.681
growth_exp,0.6,0.09,3,0.826,bootstrap_95,0.722,1.096
growth_exp,0.6,0.18,3,0.626,bootstrap_95,0.595,0.73
growth_exp,1.2,0.045,3,0.325,bootstrap_95,0.28,0.328
growth_exp,1.2,0.09,2,0.4905,observed_range,0.383,0.598
growth_exp,1.2,0.18,3,0.368,bootstrap_95,0.319,0.589
peak_ratio,0.3,0.045,4,482.61,bootstrap_95,237.57,555.68
peak_ratio,0.3,0.09,4,149.925,bootstrap_95,101.61,295.23
peak_ratio,0.3,0.18,2,3.83,observed_range,3.62,4.04
peak_ratio,0.6,0.045,3,14.84,bootstrap_95,4.16,43.14
peak_ratio,0.6,0.09,3,202.25,bootstrap_95,76.43,278.13
peak_ratio,0.6,0.18,3,76.9,bootstrap_95,47.68,80.37
peak_ratio,1.2,0.045,3,4.41,bootstrap_95,3.6,5.99
peak_ratio,1.2,0.09,2,42.635,observed_range,7.33,77.94
peak_ratio,1.2,0.18,3,8.01,bootstrap_95,4.92,50.68
onoff,0.3,0.045,4,3.3792,bootstrap_95,2.2703,4.7435
onoff,0.3,0.09,13,3.251,bootstrap_95,2.9532,4.0862
onoff,0.3,0.18,2,2.1807,observed_range,1.9327,2.4286
onoff,0.6,0.045,3,2.1195,bootstrap_95,2.0396,2.1814
onoff,0.6,0.09,6,3.0913,bootstrap_95,1.9904,4.6452
onoff,0.6,0.18,3,2.8594,bootstrap_95,2.0246,3.3183
onoff,1.2,0.045,3,1.8938,bootstrap_95,1.7987,1.9064
onoff,1.2,0.09,6,2.3509,bootstrap_95,2.1289,3.1406
onoff,1.2,0.18,3,2.2343,bootstrap_95,2.1763,2.5922
