condition,seed,n_nodes,target,channel,lag_s,group,r2,nrmse
instantaneous,,48,EDA t-1s,EDA,1,fast 1-3 s,0.98597759,0.07031422
instantaneous,,48,EDA t-3s,EDA,3,fast 1-3 s,0.98500389,0.07871101
instantaneous,,48,EDA t-8s,EDA,8,mid 8 s,0.98256301,0.09333481
instantaneous,,48,EDA t-20s,EDA,20,slow >=20 s,0.97526402,0.12039035
instantaneous,,48,EDA t-45s,EDA,45,slow >=20 s,0.95612753,0.17510197
instantaneous,,48,Resp t-1s,Resp,1,fast 1-3 s,0.00769677,0.99600464
instantaneous,,48,Resp t-3s,Resp,3,fast 1-3 s,-0.00250514,1.00117776
instantaneous,,48,Resp t-8s,Resp,8,mid 8 s,-0.00137147,1.00065423
instantaneous,,48,Resp t-20s,Resp,20,slow >=20 s,-0.00153859,1.00073443
instantaneous,,48,Resp t-45s,Resp,45,slow >=20 s,-0.00152517,1.00073251
instantaneous,,48,Temp t-1s,Temp,1,fast 1-3 s,0.98890388,0.07997094
instantaneous,,48,Temp t-3s,Temp,3,fast 1-3 s,0.98775827,0.08676136
instantaneous,,48,Temp t-8s,Temp,8,mid 8 s,0.97660653,0.12304048
instantaneous,,48,Temp t-20s,Temp,20,slow >=20 s,0.93847310,0.20407870
instantaneous,,48,Temp t-45s,Temp,45,slow >=20 s,0.83182629,0.36386462
instantaneous,,48,HR t-1s,HR,1,fast 1-3 s,0.92397307,0.25312387
instantaneous,,48,HR t-3s,HR,3,fast 1-3 s,0.71487055,0.49650337
instantaneous,,48,HR t-8s,HR,8,mid 8 s,0.63176386,0.57060343
instantaneous,,48,HR t-20s,HR,20,slow >=20 s,0.53570977,0.64346232
instantaneous,,48,HR t-45s,HR,45,slow >=20 s,0.50512318,0.66853729
memoryless,0,48,EDA t-1s,EDA,1,fast 1-3 s,0.94336771,0.20367373
memoryless,0,48,EDA t-3s,EDA,3,fast 1-3 s,0.94154862,0.20715960
memoryless,0,48,EDA t-8s,EDA,8,mid 8 s,0.93716162,0.21738156
memoryless,0,48,EDA t-20s,EDA,20,slow >=20 s,0.92659653,0.23756212
memoryless,0,48,EDA t-45s,EDA,45,slow >=20 s,0.89703515,0.28845127
memoryless,0,48,Resp t-1s,Resp,1,fast 1-3 s,0.00847670,0.99535408
memoryless,0,48,Resp t-3s,Resp,3,fast 1-3 s,-0.02879246,1.01271701
memoryless,0,48,Resp t-8s,Resp,8,mid 8 s,-0.02076787,1.01019083
memoryless,0,48,Resp t-20s,Resp,20,slow >=20 s,-0.01010020,1.00499132
memoryless,0,48,Resp t-45s,Resp,45,slow >=20 s,-0.01467082,1.00720952
memoryless,0,48,Temp t-1s,Temp,1,fast 1-3 s,0.89928902,0.28395546
memoryless,0,48,Temp t-3s,Temp,3,fast 1-3 s,0.89831122,0.28723175
memoryless,0,48,Temp t-8s,Temp,8,mid 8 s,0.88619021,0.30703797
memoryless,0,48,Temp t-20s,Temp,20,slow >=20 s,0.84683784,0.36233224
memoryless,0,48,Temp t-45s,Temp,45,slow >=20 s,0.74494338,0.47541025
memoryless,0,48,HR t-1s,HR,1,fast 1-3 s,0.92364230,0.25371474
memoryless,0,48,HR t-3s,HR,3,fast 1-3 s,0.70955833,0.50127219
memoryless,0,48,HR t-8s,HR,8,mid 8 s,0.62497280,0.57566031
memoryless,0,48,HR t-20s,HR,20,slow >=20 s,0.52450089,0.65193535
memoryless,0,48,HR t-45s,HR,45,slow >=20 s,0.49301678,0.67733788
memoryless,1,48,EDA t-1s,EDA,1,fast 1-3 s,0.98561110,0.07478350
memoryless,1,48,EDA t-3s,EDA,3,fast 1-3 s,0.98465005,0.08247100
memoryless,1,48,EDA t-8s,EDA,8,mid 8 s,0.98224036,0.09668363
memoryless,1,48,EDA t-20s,EDA,20,slow >=20 s,0.97494488,0.12375352
memoryless,1,48,EDA t-45s,EDA,45,slow >=20 s,0.95497315,0.18048125
memoryless,1,48,Resp t-1s,Resp,1,fast 1-3 s,0.01623334,0.99164488
memoryless,1,48,Resp t-3s,Resp,3,fast 1-3 s,-0.00369483,1.00100930
memoryless,1,48,Resp t-8s,Resp,8,mid 8 s,-0.00619206,1.00299609
memoryless,1,48,Resp t-20s,Resp,20,slow >=20 s,-0.00965012,1.00473115
memoryless,1,48,Resp t-45s,Resp,45,slow >=20 s,-0.00390473,1.00190343
memoryless,1,48,Temp t-1s,Temp,1,fast 1-3 s,0.98781820,0.08928992
memoryless,1,48,Temp t-3s,Temp,3,fast 1-3 s,0.98673747,0.09528100
memoryless,1,48,Temp t-8s,Temp,8,mid 8 s,0.97565494,0.12884761
memoryless,1,48,Temp t-20s,Temp,20,slow >=20 s,0.93767812,0.20642822
memoryless,1,48,Temp t-45s,Temp,45,slow >=20 s,0.83678434,0.35524559
memoryless,1,48,HR t-1s,HR,1,fast 1-3 s,0.91458632,0.27168770
memoryless,1,48,HR t-3s,HR,3,fast 1-3 s,0.70728314,0.50523446
memoryless,1,48,HR t-8s,HR,8,mid 8 s,0.62631113,0.57645724
memoryless,1,48,HR t-20s,HR,20,slow >=20 s,0.52713985,0.65153597
memoryless,1,48,HR t-45s,HR,45,slow >=20 s,0.49905448,0.67576788
memoryless,2,48,EDA t-1s,EDA,1,fast 1-3 s,0.98548937,0.07603359
memoryless,2,48,EDA t-3s,EDA,3,fast 1-3 s,0.98442377,0.08418638
memoryless,2,48,EDA t-8s,EDA,8,mid 8 s,0.98191896,0.09852040
memoryless,2,48,EDA t-20s,EDA,20,slow >=20 s,0.97438219,0.12583407
memoryless,2,48,EDA t-45s,EDA,45,slow >=20 s,0.95248311,0.18398437
memoryless,2,48,Resp t-1s,Resp,1,fast 1-3 s,0.01838115,0.99055135
memoryless,2,48,Resp t-3s,Resp,3,fast 1-3 s,-0.04617628,1.02067858
memoryless,2,48,Resp t-8s,Resp,8,mid 8 s,-0.00901816,1.00444446
memoryless,2,48,Resp t-20s,Resp,20,slow >=20 s,-0.01542461,1.00753197
memoryless,2,48,Resp t-45s,Resp,45,slow >=20 s,-0.00392282,1.00192735
memoryless,2,48,Temp t-1s,Temp,1,fast 1-3 s,0.98748582,0.09088398
memoryless,2,48,Temp t-3s,Temp,3,fast 1-3 s,0.98625808,0.09668621
memoryless,2,48,Temp t-8s,Temp,8,mid 8 s,0.97488417,0.12935990
memoryless,2,48,Temp t-20s,Temp,20,slow >=20 s,0.93739947,0.20498517
memoryless,2,48,Temp t-45s,Temp,45,slow >=20 s,0.83302791,0.35632588
memoryless,2,48,HR t-1s,HR,1,fast 1-3 s,0.92272251,0.25570621
memoryless,2,48,HR t-3s,HR,3,fast 1-3 s,0.71481131,0.49705736
memoryless,2,48,HR t-8s,HR,8,mid 8 s,0.62842325,0.57271835
memoryless,2,48,HR t-20s,HR,20,slow >=20 s,0.53061616,0.64711347
memoryless,2,48,HR t-45s,HR,45,slow >=20 s,0.49869221,0.67372800
memoryless,3,48,EDA t-1s,EDA,1,fast 1-3 s,0.98210656,0.09975267
memoryless,3,48,EDA t-3s,EDA,3,fast 1-3 s,0.98121239,0.10471486
memoryless,3,48,EDA t-8s,EDA,8,mid 8 s,0.97817680,0.11949595
memoryless,3,48,EDA t-20s,EDA,20,slow >=20 s,0.97037003,0.14565286
memoryless,3,48,EDA t-45s,EDA,45,slow >=20 s,0.94972205,0.19788879
memoryless,3,48,Resp t-1s,Resp,1,fast 1-3 s,0.02126524,0.98907033
memoryless,3,48,Resp t-3s,Resp,3,fast 1-3 s,0.00309605,0.99780837
memoryless,3,48,Resp t-8s,Resp,8,mid 8 s,-0.00528380,1.00258528
memoryless,3,48,Resp t-20s,Resp,20,slow >=20 s,0.00145072,0.99923858
memoryless,3,48,Resp t-45s,Resp,45,slow >=20 s,-0.00113820,1.00053805
memoryless,3,48,Temp t-1s,Temp,1,fast 1-3 s,0.93792337,0.22327976
memoryless,3,48,Temp t-3s,Temp,3,fast 1-3 s,0.93562966,0.22774517
memoryless,3,48,Temp t-8s,Temp,8,mid 8 s,0.92135070,0.25291967
memoryless,3,48,Temp t-20s,Temp,20,slow >=20 s,0.87694808,0.31463831
memoryless,3,48,Temp t-45s,Temp,45,slow >=20 s,0.76453149,0.44466588
memoryless,3,48,HR t-1s,HR,1,fast 1-3 s,0.92363897,0.25383916
memoryless,3,48,HR t-3s,HR,3,fast 1-3 s,0.71390647,0.49727127
memoryless,3,48,HR t-8s,HR,8,mid 8 s,0.62653124,0.57250719
memoryless,3,48,HR t-20s,HR,20,slow >=20 s,0.52797887,0.64702131
memoryless,3,48,HR t-45s,HR,45,slow >=20 s,0.49604808,0.67256712
memoryless,4,48,EDA t-1s,EDA,1,fast 1-3 s,0.98518596,0.08214464
memoryless,4,48,EDA t-3s,EDA,3,fast 1-3 s,0.98430535,0.08751351
memoryless,4,48,EDA t-8s,EDA,8,mid 8 s,0.98174198,0.10171649
memoryless,4,48,EDA t-20s,EDA,20,slow >=20 s,0.97452749,0.12659490
memoryless,4,48,EDA t-45s,EDA,45,slow >=20 s,0.95190754,0.18512988
memoryless,4,48,Resp t-1s,Resp,1,fast 1-3 s,0.01816051,0.99071861
memoryless,4,48,Resp t-3s,Resp,3,fast 1-3 s,-0.00666258,1.00262314
memoryless,4,48,Resp t-8s,Resp,8,mid 8 s,-0.00937394,1.00460438
memoryless,4,48,Resp t-20s,Resp,20,slow >=20 s,-0.00817219,1.00400425
memoryless,4,48,Resp t-45s,Resp,45,slow >=20 s,-0.00310401,1.00151202
memoryless,4,48,Temp t-1s,Temp,1,fast 1-3 s,0.98782299,0.08803450
memoryless,4,48,Temp t-3s,Temp,3,fast 1-3 s,0.98667108,0.09414919
memoryless,4,48,Temp t-8s,Temp,8,mid 8 s,0.97515059,0.12981943
memoryless,4,48,Temp t-20s,Temp,20,slow >=20 s,0.93671867,0.20891017
memoryless,4,48,Temp t-45s,Temp,45,slow >=20 s,0.83725187,0.35923208
memoryless,4,48,HR t-1s,HR,1,fast 1-3 s,0.92090583,0.26111302
memoryless,4,48,HR t-3s,HR,3,fast 1-3 s,0.71101591,0.50336304
memoryless,4,48,HR t-8s,HR,8,mid 8 s,0.62470556,0.57741306
memoryless,4,48,HR t-20s,HR,20,slow >=20 s,0.52192875,0.65487385
memoryless,4,48,HR t-45s,HR,45,slow >=20 s,0.48907167,0.68150966
memoryless,5,48,EDA t-1s,EDA,1,fast 1-3 s,0.98528693,0.07638804
memoryless,5,48,EDA t-3s,EDA,3,fast 1-3 s,0.98424871,0.08428017
memoryless,5,48,EDA t-8s,EDA,8,mid 8 s,0.98159136,0.09957309
memoryless,5,48,EDA t-20s,EDA,20,slow >=20 s,0.97399983,0.12771569
memoryless,5,48,EDA t-45s,EDA,45,slow >=20 s,0.95224757,0.18653737
memoryless,5,48,Resp t-1s,Resp,1,fast 1-3 s,0.01330925,0.99313803
memoryless,5,48,Resp t-3s,Resp,3,fast 1-3 s,-0.00441342,1.00136425
memoryless,5,48,Resp t-8s,Resp,8,mid 8 s,-0.00003287,0.99998559
memoryless,5,48,Resp t-20s,Resp,20,slow >=20 s,-0.00310378,1.00152584
memoryless,5,48,Resp t-45s,Resp,45,slow >=20 s,-0.00348551,1.00170207
memoryless,5,48,Temp t-1s,Temp,1,fast 1-3 s,0.98800867,0.08700851
memoryless,5,48,Temp t-3s,Temp,3,fast 1-3 s,0.98673708,0.09306163
memoryless,5,48,Temp t-8s,Temp,8,mid 8 s,0.97558222,0.12679180
memoryless,5,48,Temp t-20s,Temp,20,slow >=20 s,0.93492855,0.21090440
memoryless,5,48,Temp t-45s,Temp,45,slow >=20 s,0.82921315,0.36552215
memoryless,5,48,HR t-1s,HR,1,fast 1-3 s,0.92020872,0.26093355
memoryless,5,48,HR t-3s,HR,3,fast 1-3 s,0.71229760,0.50110674
memoryless,5,48,HR t-8s,HR,8,mid 8 s,0.62916830,0.57386645
memoryless,5,48,HR t-20s,HR,20,slow >=20 s,0.52684350,0.65065830
memoryless,5,48,HR t-45s,HR,45,slow >=20 s,0.49318491,0.67715828
memoryless,6,48,EDA t-1s,EDA,1,fast 1-3 s,0.96759796,0.15237468
memoryless,6,48,EDA t-3s,EDA,3,fast 1-3 s,0.96650969,0.15605411
memoryless,6,48,EDA t-8s,EDA,8,mid 8 s,0.96318937,0.16567784
memoryless,6,48,EDA t-20s,EDA,20,slow >=20 s,0.95446022,0.18704219
memoryless,6,48,EDA t-45s,EDA,45,slow >=20 s,0.93162820,0.23416123
memoryless,6,48,Resp t-1s,Resp,1,fast 1-3 s,0.00024326,0.99923799
memoryless,6,48,Resp t-3s,Resp,3,fast 1-3 s,0.00307650,0.99775561
memoryless,6,48,Resp t-8s,Resp,8,mid 8 s,-0.00074472,1.00032360
memoryless,6,48,Resp t-20s,Resp,20,slow >=20 s,-0.00140842,1.00065229
memoryless,6,48,Resp t-45s,Resp,45,slow >=20 s,-0.00254904,1.00120180
memoryless,6,48,Temp t-1s,Temp,1,fast 1-3 s,0.98681220,0.09422201
memoryless,6,48,Temp t-3s,Temp,3,fast 1-3 s,0.98590999,0.09883387
memoryless,6,48,Temp t-8s,Temp,8,mid 8 s,0.97541246,0.12991065
memoryless,6,48,Temp t-20s,Temp,20,slow >=20 s,0.93750433,0.20726335
memoryless,6,48,Temp t-45s,Temp,45,slow >=20 s,0.82878779,0.36234854
memoryless,6,48,HR t-1s,HR,1,fast 1-3 s,0.92411034,0.25315914
memoryless,6,48,HR t-3s,HR,3,fast 1-3 s,0.71528272,0.49683941
memoryless,6,48,HR t-8s,HR,8,mid 8 s,0.63428126,0.56907015
memoryless,6,48,HR t-20s,HR,20,slow >=20 s,0.53498061,0.64407539
memoryless,6,48,HR t-45s,HR,45,slow >=20 s,0.49776735,0.67331188
memoryless,7,48,EDA t-1s,EDA,1,fast 1-3 s,0.98556887,0.07562221
memoryless,7,48,EDA t-3s,EDA,3,fast 1-3 s,0.98464355,0.08279461
memoryless,7,48,EDA t-8s,EDA,8,mid 8 s,0.98216141,0.09753333
memoryless,7,48,EDA t-20s,EDA,20,slow >=20 s,0.97489552,0.12530721
memoryless,7,48,EDA t-45s,EDA,45,slow >=20 s,0.95431880,0.18243856
memoryless,7,48,Resp t-1s,Resp,1,fast 1-3 s,-0.00506333,1.00195457
memoryless,7,48,Resp t-3s,Resp,3,fast 1-3 s,-0.00136813,0.99992455
memoryless,7,48,Resp t-8s,Resp,8,mid 8 s,-0.01266467,1.00626694
memoryless,7,48,Resp t-20s,Resp,20,slow >=20 s,-0.01758363,1.00862977
memoryless,7,48,Resp t-45s,Resp,45,slow >=20 s,-0.01098727,1.00541131
memoryless,7,48,Temp t-1s,Temp,1,fast 1-3 s,0.98124876,0.12267714
memoryless,7,48,Temp t-3s,Temp,3,fast 1-3 s,0.97988699,0.12870153
memoryless,7,48,Temp t-8s,Temp,8,mid 8 s,0.96976699,0.15401343
memoryless,7,48,Temp t-20s,Temp,20,slow >=20 s,0.93335535,0.22160217
memoryless,7,48,Temp t-45s,Temp,45,slow >=20 s,0.82735663,0.36963810
memoryless,7,48,HR t-1s,HR,1,fast 1-3 s,0.91885097,0.26307757
memoryless,7,48,HR t-3s,HR,3,fast 1-3 s,0.69962148,0.51093804
memoryless,7,48,HR t-8s,HR,8,mid 8 s,0.60479635,0.58928850
memoryless,7,48,HR t-20s,HR,20,slow >=20 s,0.46806089,0.68099623
memoryless,7,48,HR t-45s,HR,45,slow >=20 s,0.44888371,0.70117151
memoryless,8,48,EDA t-1s,EDA,1,fast 1-3 s,0.98208026,0.09831791
memoryless,8,48,EDA t-3s,EDA,3,fast 1-3 s,0.98108412,0.10316653
memoryless,8,48,EDA t-8s,EDA,8,mid 8 s,0.97827498,0.11537147
memoryless,8,48,EDA t-20s,EDA,20,slow >=20 s,0.97022787,0.14029994
memoryless,8,48,EDA t-45s,EDA,45,slow >=20 s,0.94507671,0.19988793
memoryless,8,48,Resp t-1s,Resp,1,fast 1-3 s,-0.03144165,1.01348045
memoryless,8,48,Resp t-3s,Resp,3,fast 1-3 s,-0.03474620,1.01476636
memoryless,8,48,Resp t-8s,Resp,8,mid 8 s,-0.00445747,1.00218314
memoryless,8,48,Resp t-20s,Resp,20,slow >=20 s,-0.00857530,1.00418634
memoryless,8,48,Resp t-45s,Resp,45,slow >=20 s,-0.01016992,1.00499119
memoryless,8,48,Temp t-1s,Temp,1,fast 1-3 s,0.98799050,0.08551605
memoryless,8,48,Temp t-3s,Temp,3,fast 1-3 s,0.98690698,0.09209639
memoryless,8,48,Temp t-8s,Temp,8,mid 8 s,0.97556295,0.12728277
memoryless,8,48,Temp t-20s,Temp,20,slow >=20 s,0.93785902,0.20466954
memoryless,8,48,Temp t-45s,Temp,45,slow >=20 s,0.83753556,0.35441248
memoryless,8,48,HR t-1s,HR,1,fast 1-3 s,0.92232060,0.25612067
memoryless,8,48,HR t-3s,HR,3,fast 1-3 s,0.69915809,0.51014203
memoryless,8,48,HR t-8s,HR,8,mid 8 s,0.61727484,0.58068358
memoryless,8,48,HR t-20s,HR,20,slow >=20 s,0.51484863,0.65756361
memoryless,8,48,HR t-45s,HR,45,slow >=20 s,0.46860177,0.69210008
memoryless,9,48,EDA t-1s,EDA,1,fast 1-3 s,0.97631090,0.12054405
memoryless,9,48,EDA t-3s,EDA,3,fast 1-3 s,0.97513886,0.12493030
memoryless,9,48,EDA t-8s,EDA,8,mid 8 s,0.97229049,0.13525644
memoryless,9,48,EDA t-20s,EDA,20,slow >=20 s,0.96358462,0.15928851
memoryless,9,48,EDA t-45s,EDA,45,slow >=20 s,0.94079790,0.21310908
memoryless,9,48,Resp t-1s,Resp,1,fast 1-3 s,0.00990500,0.99468594
memoryless,9,48,Resp t-3s,Resp,3,fast 1-3 s,0.00522502,0.99647549
memoryless,9,48,Resp t-8s,Resp,8,mid 8 s,-0.02116268,1.01024509
memoryless,9,48,Resp t-20s,Resp,20,slow >=20 s,-0.01060485,1.00515959
memoryless,9,48,Resp t-45s,Resp,45,slow >=20 s,-0.01017491,1.00486944
memoryless,9,48,Temp t-1s,Temp,1,fast 1-3 s,0.98500704,0.10335873
memoryless,9,48,Temp t-3s,Temp,3,fast 1-3 s,0.98398123,0.10845699
memoryless,9,48,Temp t-8s,Temp,8,mid 8 s,0.97273958,0.13997560
memoryless,9,48,Temp t-20s,Temp,20,slow >=20 s,0.93757898,0.21027801
memoryless,9,48,Temp t-45s,Temp,45,slow >=20 s,0.84222518,0.35038336
memoryless,9,48,HR t-1s,HR,1,fast 1-3 s,0.92296207,0.25541698
memoryless,9,48,HR t-3s,HR,3,fast 1-3 s,0.71324461,0.49835338
memoryless,9,48,HR t-8s,HR,8,mid 8 s,0.62447787,0.57408452
memoryless,9,48,HR t-20s,HR,20,slow >=20 s,0.52720096,0.64753519
memoryless,9,48,HR t-45s,HR,45,slow >=20 s,0.50615147,0.66800951
homogeneous_fast,0,48,EDA t-1s,EDA,1,fast 1-3 s,0.95345132,0.19182863
homogeneous_fast,0,48,EDA t-3s,EDA,3,fast 1-3 s,0.94898328,0.19927290
homogeneous_fast,0,48,EDA t-8s,EDA,8,mid 8 s,0.94323728,0.21129120
homogeneous_fast,0,48,EDA t-20s,EDA,20,slow >=20 s,0.93370224,0.23074471
homogeneous_fast,0,48,EDA t-45s,EDA,45,slow >=20 s,0.90404391,0.28200763
homogeneous_fast,0,48,Resp t-1s,Resp,1,fast 1-3 s,0.53715279,0.67811622
homogeneous_fast,0,48,Resp t-3s,Resp,3,fast 1-3 s,0.03694417,0.97913177
homogeneous_fast,0,48,Resp t-8s,Resp,8,mid 8 s,-0.01986829,1.00973839
homogeneous_fast,0,48,Resp t-20s,Resp,20,slow >=20 s,-0.00021385,0.99998271
homogeneous_fast,0,48,Resp t-45s,Resp,45,slow >=20 s,-0.00703934,1.00332266
homogeneous_fast,0,48,Temp t-1s,Temp,1,fast 1-3 s,0.95190880,0.20222250
homogeneous_fast,0,48,Temp t-3s,Temp,3,fast 1-3 s,0.95064606,0.20634748
homogeneous_fast,0,48,Temp t-8s,Temp,8,mid 8 s,0.94111927,0.22678520
homogeneous_fast,0,48,Temp t-20s,Temp,20,slow >=20 s,0.90038272,0.29301451
homogeneous_fast,0,48,Temp t-45s,Temp,45,slow >=20 s,0.79408248,0.42098082
homogeneous_fast,0,48,HR t-1s,HR,1,fast 1-3 s,0.97205817,0.15172331
homogeneous_fast,0,48,HR t-3s,HR,3,fast 1-3 s,0.83832680,0.37018835
homogeneous_fast,0,48,HR t-8s,HR,8,mid 8 s,0.66326110,0.54421616
homogeneous_fast,0,48,HR t-20s,HR,20,slow >=20 s,0.55302761,0.63135137
homogeneous_fast,0,48,HR t-45s,HR,45,slow >=20 s,0.51672521,0.66028951
homogeneous_fast,1,48,EDA t-1s,EDA,1,fast 1-3 s,0.98688903,0.09704953
homogeneous_fast,1,48,EDA t-3s,EDA,3,fast 1-3 s,0.98278272,0.10810725
homogeneous_fast,1,48,EDA t-8s,EDA,8,mid 8 s,0.97947413,0.12193617
homogeneous_fast,1,48,EDA t-20s,EDA,20,slow >=20 s,0.97170677,0.14554417
homogeneous_fast,1,48,EDA t-45s,EDA,45,slow >=20 s,0.94792642,0.19970356
homogeneous_fast,1,48,Resp t-1s,Resp,1,fast 1-3 s,0.33539191,0.81285802
homogeneous_fast,1,48,Resp t-3s,Resp,3,fast 1-3 s,-0.07145782,1.03317550
homogeneous_fast,1,48,Resp t-8s,Resp,8,mid 8 s,-0.00784784,1.00383312
homogeneous_fast,1,48,Resp t-20s,Resp,20,slow >=20 s,-0.00473835,1.00231139
homogeneous_fast,1,48,Resp t-45s,Resp,45,slow >=20 s,-0.00057785,1.00025167
homogeneous_fast,1,48,Temp t-1s,Temp,1,fast 1-3 s,0.98744924,0.09961082
homogeneous_fast,1,48,Temp t-3s,Temp,3,fast 1-3 s,0.98458324,0.11046210
homogeneous_fast,1,48,Temp t-8s,Temp,8,mid 8 s,0.97454906,0.14038957
homogeneous_fast,1,48,Temp t-20s,Temp,20,slow >=20 s,0.93905876,0.21204828
homogeneous_fast,1,48,Temp t-45s,Temp,45,slow >=20 s,0.83582577,0.35969684
homogeneous_fast,1,48,HR t-1s,HR,1,fast 1-3 s,0.97333891,0.15061291
homogeneous_fast,1,48,HR t-3s,HR,3,fast 1-3 s,0.89646481,0.30049153
homogeneous_fast,1,48,HR t-8s,HR,8,mid 8 s,0.69999300,0.51387087
homogeneous_fast,1,48,HR t-20s,HR,20,slow >=20 s,0.58047994,0.61082644
homogeneous_fast,1,48,HR t-45s,HR,45,slow >=20 s,0.54472095,0.64171317
homogeneous_fast,2,48,EDA t-1s,EDA,1,fast 1-3 s,0.99005547,0.07893966
homogeneous_fast,2,48,EDA t-3s,EDA,3,fast 1-3 s,0.98635686,0.09091900
homogeneous_fast,2,48,EDA t-8s,EDA,8,mid 8 s,0.98283995,0.10578447
homogeneous_fast,2,48,EDA t-20s,EDA,20,slow >=20 s,0.97517452,0.13244126
homogeneous_fast,2,48,EDA t-45s,EDA,45,slow >=20 s,0.95116314,0.19212171
homogeneous_fast,2,48,Resp t-1s,Resp,1,fast 1-3 s,0.35841911,0.79699368
homogeneous_fast,2,48,Resp t-3s,Resp,3,fast 1-3 s,-0.03325016,1.01212841
homogeneous_fast,2,48,Resp t-8s,Resp,8,mid 8 s,-0.01797008,1.00880299
homogeneous_fast,2,48,Resp t-20s,Resp,20,slow >=20 s,-0.01069116,1.00517775
homogeneous_fast,2,48,Resp t-45s,Resp,45,slow >=20 s,0.00047571,0.99972543
homogeneous_fast,2,48,Temp t-1s,Temp,1,fast 1-3 s,0.99185796,0.07993319
homogeneous_fast,2,48,Temp t-3s,Temp,3,fast 1-3 s,0.98906398,0.09123925
homogeneous_fast,2,48,Temp t-8s,Temp,8,mid 8 s,0.97883856,0.12347901
homogeneous_fast,2,48,Temp t-20s,Temp,20,slow >=20 s,0.94383716,0.19676319
homogeneous_fast,2,48,Temp t-45s,Temp,45,slow >=20 s,0.84026197,0.35064540
homogeneous_fast,2,48,HR t-1s,HR,1,fast 1-3 s,0.97178443,0.15299725
homogeneous_fast,2,48,HR t-3s,HR,3,fast 1-3 s,0.88746636,0.30781917
homogeneous_fast,2,48,HR t-8s,HR,8,mid 8 s,0.68667716,0.52179113
homogeneous_fast,2,48,HR t-20s,HR,20,slow >=20 s,0.57718521,0.61328879
homogeneous_fast,2,48,HR t-45s,HR,45,slow >=20 s,0.53878900,0.64542378
homogeneous_fast,3,48,EDA t-1s,EDA,1,fast 1-3 s,0.98829495,0.09153581
homogeneous_fast,3,48,EDA t-3s,EDA,3,fast 1-3 s,0.98526815,0.10055947
homogeneous_fast,3,48,EDA t-8s,EDA,8,mid 8 s,0.98194269,0.11238440
homogeneous_fast,3,48,EDA t-20s,EDA,20,slow >=20 s,0.97561629,0.13385086
homogeneous_fast,3,48,EDA t-45s,EDA,45,slow >=20 s,0.95500473,0.18627679
homogeneous_fast,3,48,Resp t-1s,Resp,1,fast 1-3 s,0.32856658,0.81727177
homogeneous_fast,3,48,Resp t-3s,Resp,3,fast 1-3 s,-0.00404801,1.00128253
homogeneous_fast,3,48,Resp t-8s,Resp,8,mid 8 s,-0.01196707,1.00590317
homogeneous_fast,3,48,Resp t-20s,Resp,20,slow >=20 s,-0.00005978,0.99997749
homogeneous_fast,3,48,Resp t-45s,Resp,45,slow >=20 s,0.00111048,0.99939314
homogeneous_fast,3,48,Temp t-1s,Temp,1,fast 1-3 s,0.94499652,0.21516969
homogeneous_fast,3,48,Temp t-3s,Temp,3,fast 1-3 s,0.94068557,0.22289066
homogeneous_fast,3,48,Temp t-8s,Temp,8,mid 8 s,0.92609020,0.24840811
homogeneous_fast,3,48,Temp t-20s,Temp,20,slow >=20 s,0.87940463,0.31225481
homogeneous_fast,3,48,Temp t-45s,Temp,45,slow >=20 s,0.76236749,0.44699331
homogeneous_fast,3,48,HR t-1s,HR,1,fast 1-3 s,0.97255249,0.15237872
homogeneous_fast,3,48,HR t-3s,HR,3,fast 1-3 s,0.94881096,0.20937140
homogeneous_fast,3,48,HR t-8s,HR,8,mid 8 s,0.73474089,0.48020351
homogeneous_fast,3,48,HR t-20s,HR,20,slow >=20 s,0.58757380,0.60357473
homogeneous_fast,3,48,HR t-45s,HR,45,slow >=20 s,0.53831581,0.64219795
homogeneous_fast,4,48,EDA t-1s,EDA,1,fast 1-3 s,0.99205586,0.07010606
homogeneous_fast,4,48,EDA t-3s,EDA,3,fast 1-3 s,0.98852920,0.08226725
homogeneous_fast,4,48,EDA t-8s,EDA,8,mid 8 s,0.98498780,0.09856545
homogeneous_fast,4,48,EDA t-20s,EDA,20,slow >=20 s,0.97815179,0.12220868
homogeneous_fast,4,48,EDA t-45s,EDA,45,slow >=20 s,0.95350828,0.18152931
homogeneous_fast,4,48,Resp t-1s,Resp,1,fast 1-3 s,0.40260272,0.77070793
homogeneous_fast,4,48,Resp t-3s,Resp,3,fast 1-3 s,0.04840092,0.97381166
homogeneous_fast,4,48,Resp t-8s,Resp,8,mid 8 s,-0.00480232,1.00236427
homogeneous_fast,4,48,Resp t-20s,Resp,20,slow >=20 s,0.00162136,0.99910700
homogeneous_fast,4,48,Resp t-45s,Resp,45,slow >=20 s,0.00365583,0.99811253
homogeneous_fast,4,48,Temp t-1s,Temp,1,fast 1-3 s,0.98950627,0.09191882
homogeneous_fast,4,48,Temp t-3s,Temp,3,fast 1-3 s,0.98641992,0.10399374
homogeneous_fast,4,48,Temp t-8s,Temp,8,mid 8 s,0.97541330,0.13825138
homogeneous_fast,4,48,Temp t-20s,Temp,20,slow >=20 s,0.93818260,0.21487881
homogeneous_fast,4,48,Temp t-45s,Temp,45,slow >=20 s,0.83896319,0.36531445
homogeneous_fast,4,48,HR t-1s,HR,1,fast 1-3 s,0.97224239,0.15519686
homogeneous_fast,4,48,HR t-3s,HR,3,fast 1-3 s,0.88054093,0.32118520
homogeneous_fast,4,48,HR t-8s,HR,8,mid 8 s,0.66833012,0.54119614
homogeneous_fast,4,48,HR t-20s,HR,20,slow >=20 s,0.55726920,0.62959855
homogeneous_fast,4,48,HR t-45s,HR,45,slow >=20 s,0.51787790,0.66106376
homogeneous_fast,5,48,EDA t-1s,EDA,1,fast 1-3 s,0.98773647,0.08959827
homogeneous_fast,5,48,EDA t-3s,EDA,3,fast 1-3 s,0.98451992,0.09863384
homogeneous_fast,5,48,EDA t-8s,EDA,8,mid 8 s,0.98024036,0.11308293
homogeneous_fast,5,48,EDA t-20s,EDA,20,slow >=20 s,0.97390221,0.13359814
homogeneous_fast,5,48,EDA t-45s,EDA,45,slow >=20 s,0.95260198,0.18717608
homogeneous_fast,5,48,Resp t-1s,Resp,1,fast 1-3 s,0.53546205,0.67858148
homogeneous_fast,5,48,Resp t-3s,Resp,3,fast 1-3 s,0.12317602,0.93462592
homogeneous_fast,5,48,Resp t-8s,Resp,8,mid 8 s,-0.02612422,1.01210287
homogeneous_fast,5,48,Resp t-20s,Resp,20,slow >=20 s,-0.01930528,1.00881158
homogeneous_fast,5,48,Resp t-45s,Resp,45,slow >=20 s,-0.02060747,1.00941419
homogeneous_fast,5,48,Temp t-1s,Temp,1,fast 1-3 s,0.99068558,0.08583547
homogeneous_fast,5,48,Temp t-3s,Temp,3,fast 1-3 s,0.98724295,0.09947190
homogeneous_fast,5,48,Temp t-8s,Temp,8,mid 8 s,0.97632327,0.13222555
homogeneous_fast,5,48,Temp t-20s,Temp,20,slow >=20 s,0.93819959,0.20806841
homogeneous_fast,5,48,Temp t-45s,Temp,45,slow >=20 s,0.81575852,0.37087706
homogeneous_fast,5,48,HR t-1s,HR,1,fast 1-3 s,0.94812603,0.17519339
homogeneous_fast,5,48,HR t-3s,HR,3,fast 1-3 s,0.82711781,0.36889389
homogeneous_fast,5,48,HR t-8s,HR,8,mid 8 s,0.64646979,0.54695354
homogeneous_fast,5,48,HR t-20s,HR,20,slow >=20 s,0.53774073,0.63475585
homogeneous_fast,5,48,HR t-45s,HR,45,slow >=20 s,0.50036032,0.66433607
homogeneous_fast,6,48,EDA t-1s,EDA,1,fast 1-3 s,0.97911669,0.12881184
homogeneous_fast,6,48,EDA t-3s,EDA,3,fast 1-3 s,0.97549143,0.13702165
homogeneous_fast,6,48,EDA t-8s,EDA,8,mid 8 s,0.97046635,0.15056770
homogeneous_fast,6,48,EDA t-20s,EDA,20,slow >=20 s,0.96250633,0.17205436
homogeneous_fast,6,48,EDA t-45s,EDA,45,slow >=20 s,0.93887328,0.22091547
homogeneous_fast,6,48,Resp t-1s,Resp,1,fast 1-3 s,0.39315939,0.77487664
homogeneous_fast,6,48,Resp t-3s,Resp,3,fast 1-3 s,0.08269403,0.95677018
homogeneous_fast,6,48,Resp t-8s,Resp,8,mid 8 s,-0.00633257,1.00306464
homogeneous_fast,6,48,Resp t-20s,Resp,20,slow >=20 s,0.00546441,0.99717705
homogeneous_fast,6,48,Resp t-45s,Resp,45,slow >=20 s,0.00479466,0.99752591
homogeneous_fast,6,48,Temp t-1s,Temp,1,fast 1-3 s,0.98707651,0.10676315
homogeneous_fast,6,48,Temp t-3s,Temp,3,fast 1-3 s,0.98362490,0.11858469
homogeneous_fast,6,48,Temp t-8s,Temp,8,mid 8 s,0.97329320,0.14760317
homogeneous_fast,6,48,Temp t-20s,Temp,20,slow >=20 s,0.93805735,0.21645609
homogeneous_fast,6,48,Temp t-45s,Temp,45,slow >=20 s,0.82819661,0.36895236
homogeneous_fast,6,48,HR t-1s,HR,1,fast 1-3 s,0.97366890,0.14728621
homogeneous_fast,6,48,HR t-3s,HR,3,fast 1-3 s,0.87054660,0.33272493
homogeneous_fast,6,48,HR t-8s,HR,8,mid 8 s,0.67507310,0.53335110
homogeneous_fast,6,48,HR t-20s,HR,20,slow >=20 s,0.57216607,0.61669104
homogeneous_fast,6,48,HR t-45s,HR,45,slow >=20 s,0.52158265,0.65392964
homogeneous_fast,7,48,EDA t-1s,EDA,1,fast 1-3 s,0.98975325,0.08208114
homogeneous_fast,7,48,EDA t-3s,EDA,3,fast 1-3 s,0.98696184,0.09086031
homogeneous_fast,7,48,EDA t-8s,EDA,8,mid 8 s,0.98343252,0.10449501
homogeneous_fast,7,48,EDA t-20s,EDA,20,slow >=20 s,0.97747661,0.12527414
homogeneous_fast,7,48,EDA t-45s,EDA,45,slow >=20 s,0.95872542,0.17699441
homogeneous_fast,7,48,Resp t-1s,Resp,1,fast 1-3 s,0.45519711,0.73478341
homogeneous_fast,7,48,Resp t-3s,Resp,3,fast 1-3 s,0.06278387,0.96708775
homogeneous_fast,7,48,Resp t-8s,Resp,8,mid 8 s,-0.00724720,1.00359666
homogeneous_fast,7,48,Resp t-20s,Resp,20,slow >=20 s,-0.00736920,1.00355420
homogeneous_fast,7,48,Resp t-45s,Resp,45,slow >=20 s,-0.00023322,1.00004809
homogeneous_fast,7,48,Temp t-1s,Temp,1,fast 1-3 s,0.97822671,0.14052591
homogeneous_fast,7,48,Temp t-3s,Temp,3,fast 1-3 s,0.97469117,0.15102485
homogeneous_fast,7,48,Temp t-8s,Temp,8,mid 8 s,0.96380328,0.17684173
homogeneous_fast,7,48,Temp t-20s,Temp,20,slow >=20 s,0.92589810,0.24347986
homogeneous_fast,7,48,Temp t-45s,Temp,45,slow >=20 s,0.81932391,0.38262962
homogeneous_fast,7,48,HR t-1s,HR,1,fast 1-3 s,0.96341856,0.17521722
homogeneous_fast,7,48,HR t-3s,HR,3,fast 1-3 s,0.93480960,0.23837430
homogeneous_fast,7,48,HR t-8s,HR,8,mid 8 s,0.71080420,0.50276327
homogeneous_fast,7,48,HR t-20s,HR,20,slow >=20 s,0.51982646,0.64100968
homogeneous_fast,7,48,HR t-45s,HR,45,slow >=20 s,0.50864003,0.66298777
homogeneous_fast,8,48,EDA t-1s,EDA,1,fast 1-3 s,0.98788447,0.09009297
homogeneous_fast,8,48,EDA t-3s,EDA,3,fast 1-3 s,0.98449541,0.09993717
homogeneous_fast,8,48,EDA t-8s,EDA,8,mid 8 s,0.98109321,0.11204362
homogeneous_fast,8,48,EDA t-20s,EDA,20,slow >=20 s,0.97304546,0.13653664
homogeneous_fast,8,48,EDA t-45s,EDA,45,slow >=20 s,0.94614732,0.19756274
homogeneous_fast,8,48,Resp t-1s,Resp,1,fast 1-3 s,0.23752632,0.87056145
homogeneous_fast,8,48,Resp t-3s,Resp,3,fast 1-3 s,-0.03338799,1.01431210
homogeneous_fast,8,48,Resp t-8s,Resp,8,mid 8 s,-0.00816863,1.00397645
homogeneous_fast,8,48,Resp t-20s,Resp,20,slow >=20 s,-0.00723008,1.00346873
homogeneous_fast,8,48,Resp t-45s,Resp,45,slow >=20 s,-0.00714510,1.00345381
homogeneous_fast,8,48,Temp t-1s,Temp,1,fast 1-3 s,0.98004532,0.12702728
homogeneous_fast,8,48,Temp t-3s,Temp,3,fast 1-3 s,0.97587959,0.13961258
homogeneous_fast,8,48,Temp t-8s,Temp,8,mid 8 s,0.96222900,0.17238775
homogeneous_fast,8,48,Temp t-20s,Temp,20,slow >=20 s,0.92407681,0.23691290
homogeneous_fast,8,48,Temp t-45s,Temp,45,slow >=20 s,0.82719285,0.36897800
homogeneous_fast,8,48,HR t-1s,HR,1,fast 1-3 s,0.97146519,0.15519611
homogeneous_fast,8,48,HR t-3s,HR,3,fast 1-3 s,0.95262313,0.20284213
homogeneous_fast,8,48,HR t-8s,HR,8,mid 8 s,0.72979810,0.48342947
homogeneous_fast,8,48,HR t-20s,HR,20,slow >=20 s,0.58926951,0.60296555
homogeneous_fast,8,48,HR t-45s,HR,45,slow >=20 s,0.52612428,0.65075389
homogeneous_fast,9,48,EDA t-1s,EDA,1,fast 1-3 s,0.98668298,0.09807641
homogeneous_fast,9,48,EDA t-3s,EDA,3,fast 1-3 s,0.98334036,0.10735257
homogeneous_fast,9,48,EDA t-8s,EDA,8,mid 8 s,0.97959146,0.12018870
homogeneous_fast,9,48,EDA t-20s,EDA,20,slow >=20 s,0.97164757,0.14455020
homogeneous_fast,9,48,EDA t-45s,EDA,45,slow >=20 s,0.94839580,0.20070086
homogeneous_fast,9,48,Resp t-1s,Resp,1,fast 1-3 s,0.45782778,0.73245392
homogeneous_fast,9,48,Resp t-3s,Resp,3,fast 1-3 s,0.03434856,0.98202829
homogeneous_fast,9,48,Resp t-8s,Resp,8,mid 8 s,-0.04348311,1.02028551
homogeneous_fast,9,48,Resp t-20s,Resp,20,slow >=20 s,0.00021621,0.99980079
homogeneous_fast,9,48,Resp t-45s,Resp,45,slow >=20 s,-0.00275174,1.00119621
homogeneous_fast,9,48,Temp t-1s,Temp,1,fast 1-3 s,0.98604615,0.10710726
homogeneous_fast,9,48,Temp t-3s,Temp,3,fast 1-3 s,0.98240126,0.12087917
homogeneous_fast,9,48,Temp t-8s,Temp,8,mid 8 s,0.97023775,0.15591516
homogeneous_fast,9,48,Temp t-20s,Temp,20,slow >=20 s,0.93166963,0.22996200
homogeneous_fast,9,48,Temp t-45s,Temp,45,slow >=20 s,0.83126217,0.36630102
homogeneous_fast,9,48,HR t-1s,HR,1,fast 1-3 s,0.97508506,0.14608630
homogeneous_fast,9,48,HR t-3s,HR,3,fast 1-3 s,0.94092031,0.22833768
homogeneous_fast,9,48,HR t-8s,HR,8,mid 8 s,0.74810824,0.46886159
homogeneous_fast,9,48,HR t-20s,HR,20,slow >=20 s,0.59871295,0.59666805
homogeneous_fast,9,48,HR t-45s,HR,45,slow >=20 s,0.56320076,0.62749672
homogeneous_slow,0,48,EDA t-1s,EDA,1,fast 1-3 s,0.94721325,0.20343437
homogeneous_slow,0,48,EDA t-3s,EDA,3,fast 1-3 s,0.94936340,0.19919947
homogeneous_slow,0,48,EDA t-8s,EDA,8,mid 8 s,0.94888120,0.19948154
homogeneous_slow,0,48,EDA t-20s,EDA,20,slow >=20 s,0.94815284,0.20216201
homogeneous_slow,0,48,EDA t-45s,EDA,45,slow >=20 s,0.93094897,0.23749105
homogeneous_slow,0,48,Resp t-1s,Resp,1,fast 1-3 s,0.23085669,0.87402838
homogeneous_slow,0,48,Resp t-3s,Resp,3,fast 1-3 s,0.02397949,0.98740073
homogeneous_slow,0,48,Resp t-8s,Resp,8,mid 8 s,0.01183274,0.99331729
homogeneous_slow,0,48,Resp t-20s,Resp,20,slow >=20 s,0.02081497,0.98893595
homogeneous_slow,0,48,Resp t-45s,Resp,45,slow >=20 s,0.02414963,0.98745521
homogeneous_slow,0,48,Temp t-1s,Temp,1,fast 1-3 s,0.92966811,0.23349408
homogeneous_slow,0,48,Temp t-3s,Temp,3,fast 1-3 s,0.93458425,0.22418805
homogeneous_slow,0,48,Temp t-8s,Temp,8,mid 8 s,0.93120788,0.21544058
homogeneous_slow,0,48,Temp t-20s,Temp,20,slow >=20 s,0.94378040,0.19506026
homogeneous_slow,0,48,Temp t-45s,Temp,45,slow >=20 s,0.88783518,0.28730110
homogeneous_slow,0,48,HR t-1s,HR,1,fast 1-3 s,0.80632224,0.40480345
homogeneous_slow,0,48,HR t-3s,HR,3,fast 1-3 s,0.83197484,0.37777076
homogeneous_slow,0,48,HR t-8s,HR,8,mid 8 s,0.82263733,0.39313045
homogeneous_slow,0,48,HR t-20s,HR,20,slow >=20 s,0.76822903,0.45179562
homogeneous_slow,0,48,HR t-45s,HR,45,slow >=20 s,0.58053244,0.57730244
homogeneous_slow,1,48,EDA t-1s,EDA,1,fast 1-3 s,0.99027353,0.07531126
homogeneous_slow,1,48,EDA t-3s,EDA,3,fast 1-3 s,0.99142887,0.06770930
homogeneous_slow,1,48,EDA t-8s,EDA,8,mid 8 s,0.99189425,0.06293793
homogeneous_slow,1,48,EDA t-20s,EDA,20,slow >=20 s,0.98964327,0.07559160
homogeneous_slow,1,48,EDA t-45s,EDA,45,slow >=20 s,0.97474706,0.13440642
homogeneous_slow,1,48,Resp t-1s,Resp,1,fast 1-3 s,0.04841103,0.97371094
homogeneous_slow,1,48,Resp t-3s,Resp,3,fast 1-3 s,0.01456676,0.99205189
homogeneous_slow,1,48,Resp t-8s,Resp,8,mid 8 s,0.02289056,0.98805694
homogeneous_slow,1,48,Resp t-20s,Resp,20,slow >=20 s,0.02792097,0.98553578
homogeneous_slow,1,48,Resp t-45s,Resp,45,slow >=20 s,0.02357749,0.98779529
homogeneous_slow,1,48,Temp t-1s,Temp,1,fast 1-3 s,0.98153894,0.11162129
homogeneous_slow,1,48,Temp t-3s,Temp,3,fast 1-3 s,0.98498667,0.10159139
homogeneous_slow,1,48,Temp t-8s,Temp,8,mid 8 s,0.98907639,0.08887459
homogeneous_slow,1,48,Temp t-20s,Temp,20,slow >=20 s,0.96714293,0.14769161
homogeneous_slow,1,48,Temp t-45s,Temp,45,slow >=20 s,0.93176980,0.23507107
homogeneous_slow,1,48,HR t-1s,HR,1,fast 1-3 s,0.81908131,0.38892044
homogeneous_slow,1,48,HR t-3s,HR,3,fast 1-3 s,0.85010405,0.36059010
homogeneous_slow,1,48,HR t-8s,HR,8,mid 8 s,0.82375071,0.39049296
homogeneous_slow,1,48,HR t-20s,HR,20,slow >=20 s,0.78663190,0.43175460
homogeneous_slow,1,48,HR t-45s,HR,45,slow >=20 s,0.68802729,0.52566713
homogeneous_slow,2,48,EDA t-1s,EDA,1,fast 1-3 s,0.98925065,0.08129950
homogeneous_slow,2,48,EDA t-3s,EDA,3,fast 1-3 s,0.99038484,0.07496454
homogeneous_slow,2,48,EDA t-8s,EDA,8,mid 8 s,0.99122778,0.06886457
homogeneous_slow,2,48,EDA t-20s,EDA,20,slow >=20 s,0.98944723,0.07610886
homogeneous_slow,2,48,EDA t-45s,EDA,45,slow >=20 s,0.97407375,0.13621050
homogeneous_slow,2,48,Resp t-1s,Resp,1,fast 1-3 s,-0.04090533,1.00414680
homogeneous_slow,2,48,Resp t-3s,Resp,3,fast 1-3 s,0.00398808,0.99672599
homogeneous_slow,2,48,Resp t-8s,Resp,8,mid 8 s,0.01361167,0.99244687
homogeneous_slow,2,48,Resp t-20s,Resp,20,slow >=20 s,0.02263212,0.98813466
homogeneous_slow,2,48,Resp t-45s,Resp,45,slow >=20 s,0.02429699,0.98744983
homogeneous_slow,2,48,Temp t-1s,Temp,1,fast 1-3 s,0.97170408,0.13699804
homogeneous_slow,2,48,Temp t-3s,Temp,3,fast 1-3 s,0.97638260,0.12447809
homogeneous_slow,2,48,Temp t-8s,Temp,8,mid 8 s,0.98827313,0.09248543
homogeneous_slow,2,48,Temp t-20s,Temp,20,slow >=20 s,0.97486465,0.12267306
homogeneous_slow,2,48,Temp t-45s,Temp,45,slow >=20 s,0.92991056,0.23193466
homogeneous_slow,2,48,HR t-1s,HR,1,fast 1-3 s,0.83665904,0.36957512
homogeneous_slow,2,48,HR t-3s,HR,3,fast 1-3 s,0.86695400,0.34007991
homogeneous_slow,2,48,HR t-8s,HR,8,mid 8 s,0.82209450,0.38818704
homogeneous_slow,2,48,HR t-20s,HR,20,slow >=20 s,0.79177385,0.42652890
homogeneous_slow,2,48,HR t-45s,HR,45,slow >=20 s,0.70252546,0.50973188
homogeneous_slow,3,48,EDA t-1s,EDA,1,fast 1-3 s,0.98746572,0.08835389
homogeneous_slow,3,48,EDA t-3s,EDA,3,fast 1-3 s,0.98874571,0.08282144
homogeneous_slow,3,48,EDA t-8s,EDA,8,mid 8 s,0.99071013,0.07193251
homogeneous_slow,3,48,EDA t-20s,EDA,20,slow >=20 s,0.98997103,0.07379489
homogeneous_slow,3,48,EDA t-45s,EDA,45,slow >=20 s,0.97457873,0.13322897
homogeneous_slow,3,48,Resp t-1s,Resp,1,fast 1-3 s,0.00436790,0.99186180
homogeneous_slow,3,48,Resp t-3s,Resp,3,fast 1-3 s,0.02642759,0.98621448
homogeneous_slow,3,48,Resp t-8s,Resp,8,mid 8 s,0.02456210,0.98727600
homogeneous_slow,3,48,Resp t-20s,Resp,20,slow >=20 s,0.02792299,0.98556237
homogeneous_slow,3,48,Resp t-45s,Resp,45,slow >=20 s,0.02416324,0.98752321
homogeneous_slow,3,48,Temp t-1s,Temp,1,fast 1-3 s,0.91714395,0.26712608
homogeneous_slow,3,48,Temp t-3s,Temp,3,fast 1-3 s,0.92794963,0.25138646
homogeneous_slow,3,48,Temp t-8s,Temp,8,mid 8 s,0.94247554,0.22397167
homogeneous_slow,3,48,Temp t-20s,Temp,20,slow >=20 s,0.92119113,0.24609684
homogeneous_slow,3,48,Temp t-45s,Temp,45,slow >=20 s,0.84301240,0.35885866
homogeneous_slow,3,48,HR t-1s,HR,1,fast 1-3 s,0.85977767,0.34684880
homogeneous_slow,3,48,HR t-3s,HR,3,fast 1-3 s,0.87759687,0.32281594
homogeneous_slow,3,48,HR t-8s,HR,8,mid 8 s,0.83422727,0.37782572
homogeneous_slow,3,48,HR t-20s,HR,20,slow >=20 s,0.78521029,0.43169553
homogeneous_slow,3,48,HR t-45s,HR,45,slow >=20 s,0.74911314,0.47061274
homogeneous_slow,4,48,EDA t-1s,EDA,1,fast 1-3 s,0.98997236,0.07803406
homogeneous_slow,4,48,EDA t-3s,EDA,3,fast 1-3 s,0.99087981,0.07240903
homogeneous_slow,4,48,EDA t-8s,EDA,8,mid 8 s,0.99153273,0.06708472
homogeneous_slow,4,48,EDA t-20s,EDA,20,slow >=20 s,0.99028684,0.07157879
homogeneous_slow,4,48,EDA t-45s,EDA,45,slow >=20 s,0.97915727,0.12005653
homogeneous_slow,4,48,Resp t-1s,Resp,1,fast 1-3 s,0.14034442,0.92413280
homogeneous_slow,4,48,Resp t-3s,Resp,3,fast 1-3 s,0.01975337,0.98933214
homogeneous_slow,4,48,Resp t-8s,Resp,8,mid 8 s,0.02774060,0.98561238
homogeneous_slow,4,48,Resp t-20s,Resp,20,slow >=20 s,0.03003072,0.98445957
homogeneous_slow,4,48,Resp t-45s,Resp,45,slow >=20 s,0.02776298,0.98566332
homogeneous_slow,4,48,Temp t-1s,Temp,1,fast 1-3 s,0.96372439,0.15454097
homogeneous_slow,4,48,Temp t-3s,Temp,3,fast 1-3 s,0.96841871,0.14224152
homogeneous_slow,4,48,Temp t-8s,Temp,8,mid 8 s,0.98705716,0.09820918
homogeneous_slow,4,48,Temp t-20s,Temp,20,slow >=20 s,0.96921686,0.13646866
homogeneous_slow,4,48,Temp t-45s,Temp,45,slow >=20 s,0.91297979,0.26287042
homogeneous_slow,4,48,HR t-1s,HR,1,fast 1-3 s,0.83449268,0.36992311
homogeneous_slow,4,48,HR t-3s,HR,3,fast 1-3 s,0.86977841,0.33410787
homogeneous_slow,4,48,HR t-8s,HR,8,mid 8 s,0.82547888,0.38648392
homogeneous_slow,4,48,HR t-20s,HR,20,slow >=20 s,0.77768334,0.43883851
homogeneous_slow,4,48,HR t-45s,HR,45,slow >=20 s,0.68695356,0.52759941
homogeneous_slow,5,48,EDA t-1s,EDA,1,fast 1-3 s,0.99170317,0.06838867
homogeneous_slow,5,48,EDA t-3s,EDA,3,fast 1-3 s,0.99191874,0.06525088
homogeneous_slow,5,48,EDA t-8s,EDA,8,mid 8 s,0.99178771,0.06412485
homogeneous_slow,5,48,EDA t-20s,EDA,20,slow >=20 s,0.98939457,0.07636293
homogeneous_slow,5,48,EDA t-45s,EDA,45,slow >=20 s,0.97575106,0.13017783
homogeneous_slow,5,48,Resp t-1s,Resp,1,fast 1-3 s,0.33302568,0.81406591
homogeneous_slow,5,48,Resp t-3s,Resp,3,fast 1-3 s,0.03515280,0.98189709
homogeneous_slow,5,48,Resp t-8s,Resp,8,mid 8 s,0.03253099,0.98317338
homogeneous_slow,5,48,Resp t-20s,Resp,20,slow >=20 s,0.02874231,0.98505249
homogeneous_slow,5,48,Resp t-45s,Resp,45,slow >=20 s,0.02913174,0.98493401
homogeneous_slow,5,48,Temp t-1s,Temp,1,fast 1-3 s,0.97240956,0.13175791
homogeneous_slow,5,48,Temp t-3s,Temp,3,fast 1-3 s,0.98045932,0.11276497
homogeneous_slow,5,48,Temp t-8s,Temp,8,mid 8 s,0.99062121,0.07897385
homogeneous_slow,5,48,Temp t-20s,Temp,20,slow >=20 s,0.96876451,0.14443701
homogeneous_slow,5,48,Temp t-45s,Temp,45,slow >=20 s,0.91599412,0.25979131
homogeneous_slow,5,48,HR t-1s,HR,1,fast 1-3 s,0.83413714,0.38021901
homogeneous_slow,5,48,HR t-3s,HR,3,fast 1-3 s,0.85773544,0.35198693
homogeneous_slow,5,48,HR t-8s,HR,8,mid 8 s,0.81367669,0.39487299
homogeneous_slow,5,48,HR t-20s,HR,20,slow >=20 s,0.76844761,0.44805223
homogeneous_slow,5,48,HR t-45s,HR,45,slow >=20 s,0.68076658,0.53203323
homogeneous_slow,6,48,EDA t-1s,EDA,1,fast 1-3 s,0.98064004,0.12048447
homogeneous_slow,6,48,EDA t-3s,EDA,3,fast 1-3 s,0.98205595,0.11533651
homogeneous_slow,6,48,EDA t-8s,EDA,8,mid 8 s,0.98206925,0.11314231
homogeneous_slow,6,48,EDA t-20s,EDA,20,slow >=20 s,0.98129090,0.11524617
homogeneous_slow,6,48,EDA t-45s,EDA,45,slow >=20 s,0.96909578,0.15214103
homogeneous_slow,6,48,Resp t-1s,Resp,1,fast 1-3 s,0.08263559,0.94316966
homogeneous_slow,6,48,Resp t-3s,Resp,3,fast 1-3 s,-0.11188149,1.04153192
homogeneous_slow,6,48,Resp t-8s,Resp,8,mid 8 s,0.01828153,0.99021074
homogeneous_slow,6,48,Resp t-20s,Resp,20,slow >=20 s,0.02613390,0.98637253
homogeneous_slow,6,48,Resp t-45s,Resp,45,slow >=20 s,0.02607956,0.98649656
homogeneous_slow,6,48,Temp t-1s,Temp,1,fast 1-3 s,0.98310101,0.10860057
homogeneous_slow,6,48,Temp t-3s,Temp,3,fast 1-3 s,0.98604308,0.10101945
homogeneous_slow,6,48,Temp t-8s,Temp,8,mid 8 s,0.95927293,0.12757329
homogeneous_slow,6,48,Temp t-20s,Temp,20,slow >=20 s,0.96930584,0.14485426
homogeneous_slow,6,48,Temp t-45s,Temp,45,slow >=20 s,0.87557703,0.30063506
homogeneous_slow,6,48,HR t-1s,HR,1,fast 1-3 s,0.73353357,0.44335161
homogeneous_slow,6,48,HR t-3s,HR,3,fast 1-3 s,0.80826636,0.39496045
homogeneous_slow,6,48,HR t-8s,HR,8,mid 8 s,0.81566465,0.39762733
homogeneous_slow,6,48,HR t-20s,HR,20,slow >=20 s,0.76089455,0.45730623
homogeneous_slow,6,48,HR t-45s,HR,45,slow >=20 s,0.65421250,0.54864250
homogeneous_slow,7,48,EDA t-1s,EDA,1,fast 1-3 s,0.99030562,0.07766472
homogeneous_slow,7,48,EDA t-3s,EDA,3,fast 1-3 s,0.99099347,0.07270777
homogeneous_slow,7,48,EDA t-8s,EDA,8,mid 8 s,0.99152355,0.06650084
homogeneous_slow,7,48,EDA t-20s,EDA,20,slow >=20 s,0.98979446,0.07479090
homogeneous_slow,7,48,EDA t-45s,EDA,45,slow >=20 s,0.97549471,0.13264833
homogeneous_slow,7,48,Resp t-1s,Resp,1,fast 1-3 s,0.22837463,0.87254875
homogeneous_slow,7,48,Resp t-3s,Resp,3,fast 1-3 s,-0.03589029,1.01352517
homogeneous_slow,7,48,Resp t-8s,Resp,8,mid 8 s,0.03031341,0.98429180
homogeneous_slow,7,48,Resp t-20s,Resp,20,slow >=20 s,0.03025745,0.98432208
homogeneous_slow,7,48,Resp t-45s,Resp,45,slow >=20 s,0.02801999,0.98552958
homogeneous_slow,7,48,Temp t-1s,Temp,1,fast 1-3 s,0.97324450,0.15248924
homogeneous_slow,7,48,Temp t-3s,Temp,3,fast 1-3 s,0.97822153,0.13769048
homogeneous_slow,7,48,Temp t-8s,Temp,8,mid 8 s,0.98521471,0.11148542
homogeneous_slow,7,48,Temp t-20s,Temp,20,slow >=20 s,0.96716098,0.17230424
homogeneous_slow,7,48,Temp t-45s,Temp,45,slow >=20 s,0.88047761,0.32506520
homogeneous_slow,7,48,HR t-1s,HR,1,fast 1-3 s,0.77037469,0.40883534
homogeneous_slow,7,48,HR t-3s,HR,3,fast 1-3 s,0.84409931,0.35749591
homogeneous_slow,7,48,HR t-8s,HR,8,mid 8 s,0.83062474,0.38172507
homogeneous_slow,7,48,HR t-20s,HR,20,slow >=20 s,0.76922147,0.44655613
homogeneous_slow,7,48,HR t-45s,HR,45,slow >=20 s,0.49081205,0.56722901
homogeneous_slow,8,48,EDA t-1s,EDA,1,fast 1-3 s,0.98958000,0.08337907
homogeneous_slow,8,48,EDA t-3s,EDA,3,fast 1-3 s,0.99046461,0.07788538
homogeneous_slow,8,48,EDA t-8s,EDA,8,mid 8 s,0.99069092,0.07389211
homogeneous_slow,8,48,EDA t-20s,EDA,20,slow >=20 s,0.98763401,0.08736720
homogeneous_slow,8,48,EDA t-45s,EDA,45,slow >=20 s,0.97173557,0.14268810
homogeneous_slow,8,48,Resp t-1s,Resp,1,fast 1-3 s,0.17984476,0.90390153
homogeneous_slow,8,48,Resp t-3s,Resp,3,fast 1-3 s,-0.00838002,1.00123181
homogeneous_slow,8,48,Resp t-8s,Resp,8,mid 8 s,0.02057599,0.98929419
homogeneous_slow,8,48,Resp t-20s,Resp,20,slow >=20 s,0.02423934,0.98744873
homogeneous_slow,8,48,Resp t-45s,Resp,45,slow >=20 s,0.02107580,0.98910191
homogeneous_slow,8,48,Temp t-1s,Temp,1,fast 1-3 s,0.98599213,0.09491617
homogeneous_slow,8,48,Temp t-3s,Temp,3,fast 1-3 s,0.98927177,0.08419341
homogeneous_slow,8,48,Temp t-8s,Temp,8,mid 8 s,0.99038711,0.08291154
homogeneous_slow,8,48,Temp t-20s,Temp,20,slow >=20 s,0.96550341,0.16100351
homogeneous_slow,8,48,Temp t-45s,Temp,45,slow >=20 s,0.87561874,0.31962061
homogeneous_slow,8,48,HR t-1s,HR,1,fast 1-3 s,0.87078910,0.32530224
homogeneous_slow,8,48,HR t-3s,HR,3,fast 1-3 s,0.87652399,0.31468175
homogeneous_slow,8,48,HR t-8s,HR,8,mid 8 s,0.81762363,0.39226954
homogeneous_slow,8,48,HR t-20s,HR,20,slow >=20 s,0.78553459,0.42808399
homogeneous_slow,8,48,HR t-45s,HR,45,slow >=20 s,0.68853759,0.50755171
homogeneous_slow,9,48,EDA t-1s,EDA,1,fast 1-3 s,0.98459645,0.10721248
homogeneous_slow,9,48,EDA t-3s,EDA,3,fast 1-3 s,0.98513632,0.10386222
homogeneous_slow,9,48,EDA t-8s,EDA,8,mid 8 s,0.98563413,0.09964395
homogeneous_slow,9,48,EDA t-20s,EDA,20,slow >=20 s,0.98415035,0.10456033
homogeneous_slow,9,48,EDA t-45s,EDA,45,slow >=20 s,0.97048161,0.14986111
homogeneous_slow,9,48,Resp t-1s,Resp,1,fast 1-3 s,0.17202904,0.90805439
homogeneous_slow,9,48,Resp t-3s,Resp,3,fast 1-3 s,-0.01375110,1.00401237
homogeneous_slow,9,48,Resp t-8s,Resp,8,mid 8 s,0.02616017,0.98645484
homogeneous_slow,9,48,Resp t-20s,Resp,20,slow >=20 s,0.02924561,0.98486583
homogeneous_slow,9,48,Resp t-45s,Resp,45,slow >=20 s,0.02564056,0.98677306
homogeneous_slow,9,48,Temp t-1s,Temp,1,fast 1-3 s,0.97408431,0.13187471
homogeneous_slow,9,48,Temp t-3s,Temp,3,fast 1-3 s,0.97957837,0.11865355
homogeneous_slow,9,48,Temp t-8s,Temp,8,mid 8 s,0.98860245,0.09162334
homogeneous_slow,9,48,Temp t-20s,Temp,20,slow >=20 s,0.96639714,0.15172560
homogeneous_slow,9,48,Temp t-45s,Temp,45,slow >=20 s,0.93493708,0.23583400
homogeneous_slow,9,48,HR t-1s,HR,1,fast 1-3 s,0.84978909,0.36329348
homogeneous_slow,9,48,HR t-3s,HR,3,fast 1-3 s,0.86386644,0.34503334
homogeneous_slow,9,48,HR t-8s,HR,8,mid 8 s,0.82781076,0.38686123
homogeneous_slow,9,48,HR t-20s,HR,20,slow >=20 s,0.78788455,0.43128662
homogeneous_slow,9,48,HR t-45s,HR,45,slow >=20 s,0.75015433,0.46864141
heterogeneous,0,48,EDA t-1s,EDA,1,fast 1-3 s,0.96109732,0.17316016
heterogeneous,0,48,EDA t-3s,EDA,3,fast 1-3 s,0.96043746,0.17392931
heterogeneous,0,48,EDA t-8s,EDA,8,mid 8 s,0.95801946,0.17911418
heterogeneous,0,48,EDA t-20s,EDA,20,slow >=20 s,0.95427966,0.18797051
heterogeneous,0,48,EDA t-45s,EDA,45,slow >=20 s,0.93640905,0.22616231
heterogeneous,0,48,Resp t-1s,Resp,1,fast 1-3 s,0.35315282,0.80166151
heterogeneous,0,48,Resp t-3s,Resp,3,fast 1-3 s,0.07546106,0.96072661
heterogeneous,0,48,Resp t-8s,Resp,8,mid 8 s,0.02318938,0.98793302
heterogeneous,0,48,Resp t-20s,Resp,20,slow >=20 s,0.02722803,0.98589571
heterogeneous,0,48,Resp t-45s,Resp,45,slow >=20 s,0.02007002,0.98956158
heterogeneous,0,48,Temp t-1s,Temp,1,fast 1-3 s,0.95237114,0.19847695
heterogeneous,0,48,Temp t-3s,Temp,3,fast 1-3 s,0.95158346,0.20095093
heterogeneous,0,48,Temp t-8s,Temp,8,mid 8 s,0.94420419,0.21575979
heterogeneous,0,48,Temp t-20s,Temp,20,slow >=20 s,0.91820822,0.26165153
heterogeneous,0,48,Temp t-45s,Temp,45,slow >=20 s,0.84489714,0.35837320
heterogeneous,0,48,HR t-1s,HR,1,fast 1-3 s,0.90174544,0.29054456
heterogeneous,0,48,HR t-3s,HR,3,fast 1-3 s,0.88577282,0.31260517
heterogeneous,0,48,HR t-8s,HR,8,mid 8 s,0.83915777,0.37304237
heterogeneous,0,48,HR t-20s,HR,20,slow >=20 s,0.75057356,0.46607486
heterogeneous,0,48,HR t-45s,HR,45,slow >=20 s,0.61755033,0.57895827
heterogeneous,1,48,EDA t-1s,EDA,1,fast 1-3 s,0.99304095,0.05873350
heterogeneous,1,48,EDA t-3s,EDA,3,fast 1-3 s,0.99288233,0.05549332
heterogeneous,1,48,EDA t-8s,EDA,8,mid 8 s,0.99210063,0.05883906
heterogeneous,1,48,EDA t-20s,EDA,20,slow >=20 s,0.98800828,0.08381174
heterogeneous,1,48,EDA t-45s,EDA,45,slow >=20 s,0.96610676,0.15309567
heterogeneous,1,48,Resp t-1s,Resp,1,fast 1-3 s,0.26304748,0.85570097
heterogeneous,1,48,Resp t-3s,Resp,3,fast 1-3 s,0.02178995,0.98744621
heterogeneous,1,48,Resp t-8s,Resp,8,mid 8 s,0.00235852,0.99858696
heterogeneous,1,48,Resp t-20s,Resp,20,slow >=20 s,0.00318203,0.99805951
heterogeneous,1,48,Resp t-45s,Resp,45,slow >=20 s,0.00886232,0.99527309
heterogeneous,1,48,Temp t-1s,Temp,1,fast 1-3 s,0.99340412,0.06926871
heterogeneous,1,48,Temp t-3s,Temp,3,fast 1-3 s,0.99139245,0.07868887
heterogeneous,1,48,Temp t-8s,Temp,8,mid 8 s,0.97076109,0.12672777
heterogeneous,1,48,Temp t-20s,Temp,20,slow >=20 s,0.94238410,0.19212180
heterogeneous,1,48,Temp t-45s,Temp,45,slow >=20 s,0.87779141,0.31199328
heterogeneous,1,48,HR t-1s,HR,1,fast 1-3 s,0.96952556,0.16407025
heterogeneous,1,48,HR t-3s,HR,3,fast 1-3 s,0.85697390,0.35752846
heterogeneous,1,48,HR t-8s,HR,8,mid 8 s,0.81985691,0.39889732
heterogeneous,1,48,HR t-20s,HR,20,slow >=20 s,0.79695478,0.42370324
heterogeneous,1,48,HR t-45s,HR,45,slow >=20 s,0.64915205,0.55715127
heterogeneous,2,48,EDA t-1s,EDA,1,fast 1-3 s,0.99271954,0.06450749
heterogeneous,2,48,EDA t-3s,EDA,3,fast 1-3 s,0.99253333,0.05973147
heterogeneous,2,48,EDA t-8s,EDA,8,mid 8 s,0.99206986,0.05939411
heterogeneous,2,48,EDA t-20s,EDA,20,slow >=20 s,0.98875136,0.08188385
heterogeneous,2,48,EDA t-45s,EDA,45,slow >=20 s,0.96948357,0.14762984
heterogeneous,2,48,Resp t-1s,Resp,1,fast 1-3 s,0.31763349,0.82307918
heterogeneous,2,48,Resp t-3s,Resp,3,fast 1-3 s,0.01715901,0.99037299
heterogeneous,2,48,Resp t-8s,Resp,8,mid 8 s,0.02409868,0.98743864
heterogeneous,2,48,Resp t-20s,Resp,20,slow >=20 s,0.02635419,0.98631066
heterogeneous,2,48,Resp t-45s,Resp,45,slow >=20 s,0.02170943,0.98875472
heterogeneous,2,48,Temp t-1s,Temp,1,fast 1-3 s,0.99444022,0.06269158
heterogeneous,2,48,Temp t-3s,Temp,3,fast 1-3 s,0.99305381,0.07098779
heterogeneous,2,48,Temp t-8s,Temp,8,mid 8 s,0.98726822,0.09808197
heterogeneous,2,48,Temp t-20s,Temp,20,slow >=20 s,0.97019591,0.15517690
heterogeneous,2,48,Temp t-45s,Temp,45,slow >=20 s,0.89481468,0.29499618
heterogeneous,2,48,HR t-1s,HR,1,fast 1-3 s,0.97034053,0.16091344
heterogeneous,2,48,HR t-3s,HR,3,fast 1-3 s,0.93957645,0.22744819
heterogeneous,2,48,HR t-8s,HR,8,mid 8 s,0.81456291,0.40001266
heterogeneous,2,48,HR t-20s,HR,20,slow >=20 s,0.69085601,0.51679711
heterogeneous,2,48,HR t-45s,HR,45,slow >=20 s,0.60958077,0.59073691
heterogeneous,3,48,EDA t-1s,EDA,1,fast 1-3 s,0.99098178,0.07935721
heterogeneous,3,48,EDA t-3s,EDA,3,fast 1-3 s,0.99025039,0.08029339
heterogeneous,3,48,EDA t-8s,EDA,8,mid 8 s,0.98752790,0.09175494
heterogeneous,3,48,EDA t-20s,EDA,20,slow >=20 s,0.96960901,0.13688723
heterogeneous,3,48,EDA t-45s,EDA,45,slow >=20 s,0.96151464,0.17547668
heterogeneous,3,48,Resp t-1s,Resp,1,fast 1-3 s,0.14067544,0.92131848
heterogeneous,3,48,Resp t-3s,Resp,3,fast 1-3 s,0.00373410,0.99618081
heterogeneous,3,48,Resp t-8s,Resp,8,mid 8 s,-0.00539951,1.00163009
heterogeneous,3,48,Resp t-20s,Resp,20,slow >=20 s,0.00882760,0.99489847
heterogeneous,3,48,Resp t-45s,Resp,45,slow >=20 s,0.00878422,0.99515721
heterogeneous,3,48,Temp t-1s,Temp,1,fast 1-3 s,0.94204531,0.22023328
heterogeneous,3,48,Temp t-3s,Temp,3,fast 1-3 s,0.93758253,0.22891502
heterogeneous,3,48,Temp t-8s,Temp,8,mid 8 s,0.91978755,0.26205431
heterogeneous,3,48,Temp t-20s,Temp,20,slow >=20 s,0.86176808,0.34944555
heterogeneous,3,48,Temp t-45s,Temp,45,slow >=20 s,0.72211303,0.50149843
heterogeneous,3,48,HR t-1s,HR,1,fast 1-3 s,0.95768644,0.17894249
heterogeneous,3,48,HR t-3s,HR,3,fast 1-3 s,0.89201160,0.30472884
heterogeneous,3,48,HR t-8s,HR,8,mid 8 s,0.82347709,0.39440005
heterogeneous,3,48,HR t-20s,HR,20,slow >=20 s,0.80023113,0.41752239
heterogeneous,3,48,HR t-45s,HR,45,slow >=20 s,0.71140169,0.50683905
heterogeneous,4,48,EDA t-1s,EDA,1,fast 1-3 s,0.99146867,0.06430548
heterogeneous,4,48,EDA t-3s,EDA,3,fast 1-3 s,0.99220024,0.06190094
heterogeneous,4,48,EDA t-8s,EDA,8,mid 8 s,0.98944851,0.07770624
heterogeneous,4,48,EDA t-20s,EDA,20,slow >=20 s,0.98325100,0.10586451
heterogeneous,4,48,EDA t-45s,EDA,45,slow >=20 s,0.96926276,0.15529922
heterogeneous,4,48,Resp t-1s,Resp,1,fast 1-3 s,0.33076918,0.81532307
heterogeneous,4,48,Resp t-3s,Resp,3,fast 1-3 s,0.05506979,0.97072004
heterogeneous,4,48,Resp t-8s,Resp,8,mid 8 s,-0.00907660,1.00384058
heterogeneous,4,48,Resp t-20s,Resp,20,slow >=20 s,0.00503436,0.99707217
heterogeneous,4,48,Resp t-45s,Resp,45,slow >=20 s,-0.00054641,0.99974475
heterogeneous,4,48,Temp t-1s,Temp,1,fast 1-3 s,0.97974763,0.10370408
heterogeneous,4,48,Temp t-3s,Temp,3,fast 1-3 s,0.98083397,0.09980865
heterogeneous,4,48,Temp t-8s,Temp,8,mid 8 s,0.91576163,0.14655856
heterogeneous,4,48,Temp t-20s,Temp,20,slow >=20 s,0.94509828,0.14627028
heterogeneous,4,48,Temp t-45s,Temp,45,slow >=20 s,0.89679469,0.25989049
heterogeneous,4,48,HR t-1s,HR,1,fast 1-3 s,0.96888261,0.16593331
heterogeneous,4,48,HR t-3s,HR,3,fast 1-3 s,0.89695399,0.29998169
heterogeneous,4,48,HR t-8s,HR,8,mid 8 s,0.84340374,0.36891410
heterogeneous,4,48,HR t-20s,HR,20,slow >=20 s,0.80280103,0.41583156
heterogeneous,4,48,HR t-45s,HR,45,slow >=20 s,0.67120302,0.53976165
heterogeneous,5,48,EDA t-1s,EDA,1,fast 1-3 s,0.98607090,0.07078122
heterogeneous,5,48,EDA t-3s,EDA,3,fast 1-3 s,0.99259455,0.05716329
heterogeneous,5,48,EDA t-8s,EDA,8,mid 8 s,0.99160524,0.06296276
heterogeneous,5,48,EDA t-20s,EDA,20,slow >=20 s,0.98155348,0.10207359
heterogeneous,5,48,EDA t-45s,EDA,45,slow >=20 s,0.96078985,0.16952798
heterogeneous,5,48,Resp t-1s,Resp,1,fast 1-3 s,0.38797035,0.77885645
heterogeneous,5,48,Resp t-3s,Resp,3,fast 1-3 s,0.14927041,0.92040808
heterogeneous,5,48,Resp t-8s,Resp,8,mid 8 s,0.02639869,0.98526284
heterogeneous,5,48,Resp t-20s,Resp,20,slow >=20 s,0.01207736,0.99284348
heterogeneous,5,48,Resp t-45s,Resp,45,slow >=20 s,0.00873956,0.99450454
heterogeneous,5,48,Temp t-1s,Temp,1,fast 1-3 s,0.99442655,0.06210771
heterogeneous,5,48,Temp t-3s,Temp,3,fast 1-3 s,0.99084096,0.08089356
heterogeneous,5,48,Temp t-8s,Temp,8,mid 8 s,0.97735322,0.12737721
heterogeneous,5,48,Temp t-20s,Temp,20,slow >=20 s,0.93581494,0.21425129
heterogeneous,5,48,Temp t-45s,Temp,45,slow >=20 s,0.79376765,0.40032923
heterogeneous,5,48,HR t-1s,HR,1,fast 1-3 s,0.94606423,0.17706994
heterogeneous,5,48,HR t-3s,HR,3,fast 1-3 s,0.94499013,0.21422506
heterogeneous,5,48,HR t-8s,HR,8,mid 8 s,0.77333530,0.42887099
heterogeneous,5,48,HR t-20s,HR,20,slow >=20 s,0.74078519,0.46796325
heterogeneous,5,48,HR t-45s,HR,45,slow >=20 s,0.61735144,0.58464924
heterogeneous,6,48,EDA t-1s,EDA,1,fast 1-3 s,0.98070831,0.12121264
heterogeneous,6,48,EDA t-3s,EDA,3,fast 1-3 s,0.98032125,0.12230546
heterogeneous,6,48,EDA t-8s,EDA,8,mid 8 s,0.97684142,0.13232865
heterogeneous,6,48,EDA t-20s,EDA,20,slow >=20 s,0.96930248,0.15410018
heterogeneous,6,48,EDA t-45s,EDA,45,slow >=20 s,0.94737853,0.20474396
heterogeneous,6,48,Resp t-1s,Resp,1,fast 1-3 s,0.35232944,0.80176667
heterogeneous,6,48,Resp t-3s,Resp,3,fast 1-3 s,0.01789700,0.98913689
heterogeneous,6,48,Resp t-8s,Resp,8,mid 8 s,0.01973887,0.98963546
heterogeneous,6,48,Resp t-20s,Resp,20,slow >=20 s,0.02808283,0.98542279
heterogeneous,6,48,Resp t-45s,Resp,45,slow >=20 s,0.02441017,0.98737124
heterogeneous,6,48,Temp t-1s,Temp,1,fast 1-3 s,0.99158870,0.06834450
heterogeneous,6,48,Temp t-3s,Temp,3,fast 1-3 s,0.99368068,0.06556527
heterogeneous,6,48,Temp t-8s,Temp,8,mid 8 s,0.98865981,0.09331442
heterogeneous,6,48,Temp t-20s,Temp,20,slow >=20 s,0.97567403,0.14404332
heterogeneous,6,48,Temp t-45s,Temp,45,slow >=20 s,0.90296734,0.28327731
heterogeneous,6,48,HR t-1s,HR,1,fast 1-3 s,0.90006347,0.29360131
heterogeneous,6,48,HR t-3s,HR,3,fast 1-3 s,0.87351761,0.33534289
heterogeneous,6,48,HR t-8s,HR,8,mid 8 s,0.83106964,0.38237353
heterogeneous,6,48,HR t-20s,HR,20,slow >=20 s,0.79049383,0.42837329
heterogeneous,6,48,HR t-45s,HR,45,slow >=20 s,0.65942097,0.54532656
heterogeneous,7,48,EDA t-1s,EDA,1,fast 1-3 s,0.99276159,0.06401155
heterogeneous,7,48,EDA t-3s,EDA,3,fast 1-3 s,0.99261034,0.05905170
heterogeneous,7,48,EDA t-8s,EDA,8,mid 8 s,0.99215728,0.05935330
heterogeneous,7,48,EDA t-20s,EDA,20,slow >=20 s,0.98859206,0.08315337
heterogeneous,7,48,EDA t-45s,EDA,45,slow >=20 s,0.96844295,0.15136848
heterogeneous,7,48,Resp t-1s,Resp,1,fast 1-3 s,0.34415767,0.80563429
heterogeneous,7,48,Resp t-3s,Resp,3,fast 1-3 s,0.09846467,0.94675335
heterogeneous,7,48,Resp t-8s,Resp,8,mid 8 s,0.02561177,0.98608974
heterogeneous,7,48,Resp t-20s,Resp,20,slow >=20 s,0.02150539,0.98859909
heterogeneous,7,48,Resp t-45s,Resp,45,slow >=20 s,0.02438872,0.98737167
heterogeneous,7,48,Temp t-1s,Temp,1,fast 1-3 s,0.98785461,0.10481707
heterogeneous,7,48,Temp t-3s,Temp,3,fast 1-3 s,0.98591582,0.11202068
heterogeneous,7,48,Temp t-8s,Temp,8,mid 8 s,0.97717662,0.14059286
heterogeneous,7,48,Temp t-20s,Temp,20,slow >=20 s,0.94718691,0.21876132
heterogeneous,7,48,Temp t-45s,Temp,45,slow >=20 s,0.86697753,0.33771990
heterogeneous,7,48,HR t-1s,HR,1,fast 1-3 s,0.97501527,0.14439029
heterogeneous,7,48,HR t-3s,HR,3,fast 1-3 s,0.90406113,0.28552613
heterogeneous,7,48,HR t-8s,HR,8,mid 8 s,0.85887694,0.34917775
heterogeneous,7,48,HR t-20s,HR,20,slow >=20 s,0.60290966,0.56250802
heterogeneous,7,48,HR t-45s,HR,45,slow >=20 s,0.50031239,0.65226197
heterogeneous,8,48,EDA t-1s,EDA,1,fast 1-3 s,0.99132499,0.07526953
heterogeneous,8,48,EDA t-3s,EDA,3,fast 1-3 s,0.98813571,0.08588720
heterogeneous,8,48,EDA t-8s,EDA,8,mid 8 s,0.98380421,0.10224632
heterogeneous,8,48,EDA t-20s,EDA,20,slow >=20 s,0.97586441,0.12974780
heterogeneous,8,48,EDA t-45s,EDA,45,slow >=20 s,0.95385515,0.18792419
heterogeneous,8,48,Resp t-1s,Resp,1,fast 1-3 s,0.19409233,0.89176140
heterogeneous,8,48,Resp t-3s,Resp,3,fast 1-3 s,0.06514298,0.96563244
heterogeneous,8,48,Resp t-8s,Resp,8,mid 8 s,-0.00051529,1.00012987
heterogeneous,8,48,Resp t-20s,Resp,20,slow >=20 s,0.01246723,0.99353942
heterogeneous,8,48,Resp t-45s,Resp,45,slow >=20 s,0.00669517,0.99650928
heterogeneous,8,48,Temp t-1s,Temp,1,fast 1-3 s,0.98481410,0.11028242
heterogeneous,8,48,Temp t-3s,Temp,3,fast 1-3 s,0.98816252,0.09577256
heterogeneous,8,48,Temp t-8s,Temp,8,mid 8 s,0.99087474,0.07914911
heterogeneous,8,48,Temp t-20s,Temp,20,slow >=20 s,0.97724759,0.13807614
heterogeneous,8,48,Temp t-45s,Temp,45,slow >=20 s,0.90715330,0.27908031
heterogeneous,8,48,HR t-1s,HR,1,fast 1-3 s,0.97853988,0.13382214
heterogeneous,8,48,HR t-3s,HR,3,fast 1-3 s,0.91966942,0.26049775
heterogeneous,8,48,HR t-8s,HR,8,mid 8 s,0.82776414,0.37928685
heterogeneous,8,48,HR t-20s,HR,20,slow >=20 s,0.69030836,0.52346018
heterogeneous,8,48,HR t-45s,HR,45,slow >=20 s,0.55719188,0.62283682
heterogeneous,9,48,EDA t-1s,EDA,1,fast 1-3 s,0.97759160,0.11901652
heterogeneous,9,48,EDA t-3s,EDA,3,fast 1-3 s,0.97741529,0.11834853
heterogeneous,9,48,EDA t-8s,EDA,8,mid 8 s,0.97580129,0.12220963
heterogeneous,9,48,EDA t-20s,EDA,20,slow >=20 s,0.96973848,0.14327986
heterogeneous,9,48,EDA t-45s,EDA,45,slow >=20 s,0.94767708,0.20226669
heterogeneous,9,48,Resp t-1s,Resp,1,fast 1-3 s,0.32374494,0.82009405
heterogeneous,9,48,Resp t-3s,Resp,3,fast 1-3 s,0.04424299,0.97632306
heterogeneous,9,48,Resp t-8s,Resp,8,mid 8 s,-0.01208097,1.00488383
heterogeneous,9,48,Resp t-20s,Resp,20,slow >=20 s,-0.00835776,1.00304525
heterogeneous,9,48,Resp t-45s,Resp,45,slow >=20 s,-0.01426334,1.00608040
heterogeneous,9,48,Temp t-1s,Temp,1,fast 1-3 s,0.94813955,0.12927050
heterogeneous,9,48,Temp t-3s,Temp,3,fast 1-3 s,0.95658312,0.13119652
heterogeneous,9,48,Temp t-8s,Temp,8,mid 8 s,0.98067735,0.12462102
heterogeneous,9,48,Temp t-20s,Temp,20,slow >=20 s,0.94647057,0.20096912
heterogeneous,9,48,Temp t-45s,Temp,45,slow >=20 s,0.81892868,0.35816537
heterogeneous,9,48,HR t-1s,HR,1,fast 1-3 s,0.94806855,0.17609744
heterogeneous,9,48,HR t-3s,HR,3,fast 1-3 s,0.91177288,0.25278345
heterogeneous,9,48,HR t-8s,HR,8,mid 8 s,0.83694517,0.36425392
heterogeneous,9,48,HR t-20s,HR,20,slow >=20 s,0.73584330,0.48038784
heterogeneous,9,48,HR t-45s,HR,45,slow >=20 s,0.53285005,0.62743500
