condition,target,ccc,ccc_sd,r2
instantaneous,valence,0.1784,0.0000,0.0878
instantaneous,arousal,0.3202,0.0000,0.1814
memoryless,valence,0.2324,0.0063,0.0884
memoryless,arousal,0.3752,0.0061,0.2002
ema_single,valence,0.1699,0.0000,0.0791
ema_single,arousal,0.2898,0.0000,0.1561
ema_bank,valence,0.3111,0.0000,0.1656
ema_bank,arousal,0.5159,0.0000,0.3356
homogeneous,valence,0.2404,0.0096,0.0660
homogeneous,arousal,0.4330,0.0072,0.2355
heterogeneous,valence,0.2475,0.0119,0.0836
heterogeneous,arousal,0.4401,0.0066,0.2464
heterogeneous_perchan,valence,0.2575,0.0030,0.1180
heterogeneous_perchan,arousal,0.4582,0.0024,0.2700
