dev,day,fband,n_amp,amp_min,amp_max,H_mean,rel_spread_pct
unkK2-L5,3,H_1k,5,0.5,2.4,0.4432,0.62
unkK2-L5,3,H_10k,5,0.5,2.4,0.4155,2.84
unkK2-R5,3,H_1k,5,0.5,2.4,0.4439,0.52
unkK2-R5,3,H_10k,5,0.5,2.4,0.4141,1.16
unkK2-R6,3,H_1k,5,0.5,2.4,0.4444,0.41
unkK2-R6,3,H_10k,5,0.5,2.4,0.415,1.19
unkLi2-R4,4,H_1k,5,0.5,2.4,0.3532,0.08
unkLi2-R4,4,H_10k,5,0.5,2.4,0.3396,0.18
unkLi2-R5,4,H_1k,5,0.5,2.4,0.3673,0.14
unkLi2-R5,4,H_10k,5,0.5,2.4,0.3537,0.17
unkLi2-R6,4,H_1k,5,0.5,2.4,0.3731,0.17
unkLi2-R6,4,H_10k,5,0.5,2.4,0.3549,0.17
unkNa2-L6,3,H_1k,5,0.5,2.4,0.4507,7.99
unkNa2-L6,3,H_10k,5,0.5,2.4,0.4002,0.45
unkNa2-R5,3,H_1k,5,0.5,2.4,0.4219,0.08
unkNa2-R5,3,H_10k,5,0.5,2.4,0.4009,0.29
unkNa2-R6,3,H_1k,5,0.5,2.4,0.4229,0.07
unkNa2-R6,3,H_10k,5,0.5,2.4,0.4031,0.19
