dev,day,absoff,amp_v,neg,pos
unkK2-L5,4,1.4,1.4,0.96561,1.25724
unkK2-L5,9,2.0,0.8,4.02383,5.13949
unkK2-L5,9,2.4,0.4,8.65273,10.7851
unkK2-R5,4,1.4,1.4,0.32407,1.61461
unkK2-R5,9,2.0,0.8,2.77143,3.38624
unkK2-R5,9,2.4,0.4,4.68175,5.94945
unkK2-R6,4,1.4,1.4,1.30579,1.24312
unkK2-R6,9,2.0,0.8,2.72008,3.24819
unkK2-R6,9,2.4,0.4,5.38317,7.33561
unkLi2-L3,10,2.0,0.8,4.25217,3.6525
unkLi2-L3,10,2.4,0.4,9.75839,6.71802
unkLi2-L3,23,0.5,0.25,2.09477,1.90056
unkLi2-L3,23,1.0,0.25,6.63309,6.85533
unkLi2-L3,23,1.5,0.25,9.28779,10.0381
unkLi2-L3,23,2.0,0.25,13.39975,13.80373
unkLi2-L3,23,2.5,0.25,16.70057,17.92099
unkLi2-R4,4,1.4,1.4,0.06755,1.84965
unkLi2-R4,10,2.0,0.8,2.78973,2.66941
unkLi2-R4,10,2.4,0.4,10.14834,10.26234
unkLi2-R5,4,1.4,1.4,1.32593,1.00531
unkLi2-R6,4,1.4,1.4,1.24903,1.27492
unkLi2-R6,10,2.0,0.8,0.24041,1.97325
unkLi2-R6,10,2.4,0.4,4.21383,6.652
unkNa2-L6,4,1.4,1.4,2.99923,2.41727
unkNa2-L6,9,2.0,0.8,2.64728,4.82544
unkNa2-L6,9,2.4,0.4,8.31168,9.4885
unkNa2-R5,4,1.4,1.4,0.51505,1.13465
unkNa2-R5,9,2.0,0.8,1.0609,1.09679
unkNa2-R5,9,2.4,0.4,4.70098,4.32959
unkNa2-R6,4,1.4,1.4,1.14663,0.85975
unkNa2-R6,9,2.0,0.8,0.66025,2.44058
unkNa2-R6,9,2.4,0.4,4.80268,6.33676
