dev,chem,day,frange,offset_v,amp_v,file,H_1,H_2,H_5,H_10,H_1k,ph_2,dc_2
unkK2-L5,unkK2,3,200-1Hz,0.0,0.5,2025-03-06_unkK2-L5_LP-4nF-noR-config_3daydeg_200-1Hz_200p-1s_0offset_0.5Vpk.txt,0.22719,0.43539,0.48562,0.5051,,-11.71,-0.1691
unkK2-L5,unkK2,3,200-1Hz,0.0,1.5,2025-03-06_unkK2-L5_LP-4nF-noR-config_3daydeg_200-1Hz_200p-1s_0offset_1.5Vpk.txt,0.43433,0.33128,0.48616,0.50617,,-12.65,-0.352
unkK2-L5,unkK2,3,200-1Hz,0.0,1.0,2025-03-06_unkK2-L5_LP-4nF-noR-config_3daydeg_200-1Hz_200p-1s_0offset_1Vpk.txt,0.5661,0.21395,0.47982,0.50556,,27.26,-0.0149
unkK2-L5,unkK2,3,200-1Hz,0.0,2.4,2025-03-06_unkK2-L5_LP-4nF-noR-config_3daydeg_200-1Hz_200p-1s_0offset_2.4Vpk.txt,0.54066,0.29626,0.49096,0.51349,,-13.39,-0.4516
unkK2-L5,unkK2,3,200-1Hz,0.0,2.0,2025-03-06_unkK2-L5_LP-4nF-noR-config_3daydeg_200-1Hz_200p-1s_0offset_2Vpk.txt,0.48637,0.64188,0.48385,0.50903,,28.19,-0.9814
unkK2-R5,unkK2,3,200-1Hz,0.0,0.5,2025-03-06_unkK2-R5_LP-4nF-noR-config_3daydeg_200-1Hz_200p-1s_0offset_0.5Vpk.txt,0.50629,0.62428,0.51389,0.51139,,31.95,0.2359
unkK2-R5,unkK2,3,200-1Hz,0.0,1.5,2025-03-06_unkK2-R5_LP-4nF-noR-config_3daydeg_200-1Hz_200p-1s_0offset_1.5Vpk.txt,0.33458,0.43539,0.51488,0.51205,,-15.96,-0.4981
unkK2-R5,unkK2,3,200-1Hz,0.0,1.0,2025-03-06_unkK2-R5_LP-4nF-noR-config_3daydeg_200-1Hz_200p-1s_0offset_1Vpk.txt,0.153,0.55391,0.49083,0.51019,,-9.95,0.4384
unkK2-R5,unkK2,3,200-1Hz,0.0,2.4,2025-03-06_unkK2-R5_LP-4nF-noR-config_3daydeg_200-1Hz_200p-1s_0offset_2.4Vpk.txt,0.15721,0.5888,0.52644,0.51891,,-14.65,-1.1166
unkK2-R5,unkK2,3,200-1Hz,0.0,2.0,2025-03-06_unkK2-R5_LP-4nF-noR-config_3daydeg_200-1Hz_200p-1s_0offset_2Vpk.txt,0.76173,0.41434,0.52847,0.51708,,42.87,-0.527
unkK2-R6,unkK2,3,200-1Hz,0.0,0.5,2025-03-06_unkK2-R6_LP-4nF-noR-config_3daydeg_200-1Hz_200p-1s_0offset_0.5Vpk.txt,0.36771,0.41585,0.49651,0.51395,,-18.66,0.1578
unkK2-R6,unkK2,3,200-1Hz,0.0,1.5,2025-03-06_unkK2-R6_LP-4nF-noR-config_3daydeg_200-1Hz_200p-1s_0offset_1.5Vpk.txt,0.40237,0.36105,0.49055,0.51514,,-19.62,-0.3937
unkK2-R6,unkK2,3,200-1Hz,0.0,1.0,2025-03-06_unkK2-R6_LP-4nF-noR-config_3daydeg_200-1Hz_200p-1s_0offset_1Vpk.txt,0.72303,0.33974,0.49248,0.5136,,43.0,-0.1881
unkK2-R6,unkK2,3,200-1Hz,0.0,2.4,2025-03-06_unkK2-R6_LP-4nF-noR-config_3daydeg_200-1Hz_200p-1s_0offset_2.4Vpk.txt,0.78122,0.26459,0.52149,0.52185,,31.96,-0.2365
unkK2-R6,unkK2,3,200-1Hz,0.0,2.0,2025-03-06_unkK2-R6_LP-4nF-noR-config_3daydeg_200-1Hz_200p-1s_0offset_2Vpk.txt,0.38992,0.73119,0.51391,0.5226,,18.35,-1.1262
unkK2-L5,unkK2,4,200-1Hz,-1.4,1.4,2025-03-07_unkK2-L5_LP-4nF-noR-config_4daydeg_200-1Hz_200p-1s_-1.4offset_1.4Vpk.txt,0.34927,0.96561,1.61409,0.98876,,100.29,-1.0404
unkK2-L5,unkK2,4,200-1Hz,1.4,1.4,2025-03-07_unkK2-L5_LP-4nF-noR-config_4daydeg_200-1Hz_200p-1s_1.4offset_1.4Vpk.txt,0.96611,1.25724,1.73928,1.0108,,88.65,1.371
unkK2-R5,unkK2,4,200-1Hz,-1.4,1.4,2025-03-07_unkK2-R5_LP-4nF-noR-config_4daydeg_200-1Hz_200p-1s_-1.4offset_1.4Vpk.txt,0.34094,0.32407,0.88887,0.66729,,45.08,-0.156
unkK2-R5,unkK2,4,200-1Hz,1.4,1.4,2025-03-07_unkK2-R5_LP-4nF-noR-config_4daydeg_200-1Hz_200p-1s_1.4offset_1.4Vpk.txt,1.62289,1.61461,0.494,0.66734,,-44.39,1.8605
unkK2-R6,unkK2,4,200-1Hz,-1.4,1.4,2025-03-07_unkK2-R6_LP-4nF-noR-config_4daydeg_200-1Hz_200p-1s_-1.4offset_1.4Vpk.txt,0.3092,1.30579,0.70211,0.68125,,19.47,-1.4433
unkK2-R6,unkK2,4,200-1Hz,1.4,1.4,2025-03-07_unkK2-R6_LP-4nF-noR-config_4daydeg_200-1Hz_200p-1s_1.4offset_1.4Vpk.txt,0.09744,1.24312,1.06538,0.68483,,67.94,1.3417
unkLi2-R4,unkLi2,4,200-1Hz,-1.4,1.4,2025-03-07_unkLi2-R4_LP-4nF-noR-config_4daydeg_200-1Hz_200p-1s_-1.4offset_1.4Vpk.txt,1.80274,0.06755,0.38205,0.64934,,-127.03,-0.1166
unkLi2-R4,unkLi2,4,200-1Hz,0.0,0.5,2025-03-07_unkLi2-R4_LP-4nF-noR-config_4daydeg_200-1Hz_200p-1s_0offset_0.5Vpk.txt,0.56048,0.22978,0.50943,0.48332,,6.99,-0.029
unkLi2-R4,unkLi2,4,200-1Hz,0.0,1.5,2025-03-07_unkLi2-R4_LP-4nF-noR-config_4daydeg_200-1Hz_200p-1s_0offset_1.5Vpk.txt,0.70988,0.36287,0.48767,0.46905,,43.01,-0.3305
unkLi2-R4,unkLi2,4,200-1Hz,0.0,1.0,2025-03-07_unkLi2-R4_LP-4nF-noR-config_4daydeg_200-1Hz_200p-1s_0offset_1Vpk.txt,0.35334,0.47843,0.49066,0.46629,,-13.53,0.3773
unkLi2-R4,unkLi2,4,200-1Hz,0.0,2.4,2025-03-07_unkLi2-R4_LP-4nF-noR-config_4daydeg_200-1Hz_200p-1s_0offset_2.4Vpk.txt,0.13316,0.61365,0.53617,0.48739,,-5.5,1.1797
unkLi2-R4,unkLi2,4,200-1Hz,0.0,2.0,2025-03-07_unkLi2-R4_LP-4nF-noR-config_4daydeg_200-1Hz_200p-1s_0offset_2Vpk.txt,0.54815,0.4714,0.51393,0.47685,,-25.63,-0.6932
unkLi2-R4,unkLi2,4,200-1Hz,1.4,1.4,2025-03-07_unkLi2-R4_LP-4nF-noR-config_4daydeg_200-1Hz_200p-1s_1.4offset_1.4Vpk.txt,1.42033,1.84965,1.08893,0.61536,,-32.58,1.9211
unkLi2-R5,unkLi2,4,200-1Hz,-1.4,1.4,2025-03-07_unkLi2-R5_LP-4nF-noR-config_4daydeg_200-1Hz_200p-1s_-1.4offset_1.4Vpk.txt,0.21483,1.32593,0.74203,0.71656,,-6.51,-1.4782
unkLi2-R5,unkLi2,4,200-1Hz,0.0,0.5,2025-03-07_unkLi2-R5_LP-4nF-noR-config_4daydeg_200-1Hz_200p-1s_0offset_0.5Vpk.txt,0.59952,0.22394,0.47199,0.4932,,-0.15,0.0522
unkLi2-R5,unkLi2,4,200-1Hz,0.0,1.5,2025-03-07_unkLi2-R5_LP-4nF-noR-config_4daydeg_200-1Hz_200p-1s_0offset_1.5Vpk.txt,0.68946,0.71414,0.50955,0.47858,,31.11,0.81
unkLi2-R5,unkLi2,4,200-1Hz,0.0,1.0,2025-03-07_unkLi2-R5_LP-4nF-noR-config_4daydeg_200-1Hz_200p-1s_0offset_1Vpk.txt,0.68764,0.45979,0.4692,0.47457,,43.96,-0.3401
unkLi2-R5,unkLi2,4,200-1Hz,0.0,2.4,2025-03-07_unkLi2-R5_LP-4nF-noR-config_4daydeg_200-1Hz_200p-1s_0offset_2.4Vpk.txt,0.79042,0.40166,0.53699,0.49886,,44.27,-0.6446
unkLi2-R5,unkLi2,4,200-1Hz,0.0,2.0,2025-03-07_unkLi2-R5_LP-4nF-noR-config_4daydeg_200-1Hz_200p-1s_0offset_2Vpk.txt,0.60217,0.76759,0.52823,0.49059,,16.93,1.1998
unkLi2-R5,unkLi2,4,200-1Hz,1.4,1.4,2025-03-07_unkLi2-R5_LP-4nF-noR-config_4daydeg_200-1Hz_200p-1s_1.4offset_1.4Vpk.txt,0.22853,1.00531,0.43032,0.46285,,59.07,1.0903
unkLi2-R6,unkLi2,4,200-1Hz,-1.4,1.4,2025-03-07_unkLi2-R6_LP-4nF-noR-config_4daydeg_200-1Hz_200p-1s_-1.4offset_1.4Vpk.txt,0.52163,1.24903,0.69836,0.69995,,17.45,-1.3614
unkLi2-R6,unkLi2,4,200-1Hz,0.0,0.5,2025-03-07_unkLi2-R6_LP-4nF-noR-config_4daydeg_200-1Hz_200p-1s_0offset_0.5Vpk.txt,0.19444,0.7309,0.55329,0.53194,,7.98,-0.2888
unkLi2-R6,unkLi2,4,200-1Hz,0.0,1.5,2025-03-07_unkLi2-R6_LP-4nF-noR-config_4daydeg_200-1Hz_200p-1s_0offset_1.5Vpk.txt,0.54672,0.39455,0.56013,0.5238,,-18.1,-0.3796
unkLi2-R6,unkLi2,4,200-1Hz,0.0,1.0,2025-03-07_unkLi2-R6_LP-4nF-noR-config_4daydeg_200-1Hz_200p-1s_0offset_1Vpk.txt,0.22417,0.77087,0.54607,0.51567,,24.32,0.5918
unkLi2-R6,unkLi2,4,200-1Hz,0.0,2.4,2025-03-07_unkLi2-R6_LP-4nF-noR-config_4daydeg_200-1Hz_200p-1s_0offset_2.4Vpk.txt,0.73897,0.62381,0.57993,0.54687,,36.64,-1.075
unkLi2-R6,unkLi2,4,200-1Hz,0.0,2.0,2025-03-07_unkLi2-R6_LP-4nF-noR-config_4daydeg_200-1Hz_200p-1s_0offset_2Vpk.txt,0.31976,0.60625,0.57953,0.54024,,-13.33,0.9645
unkLi2-R6,unkLi2,4,200-1Hz,1.4,1.4,2025-03-07_unkLi2-R6_LP-4nF-noR-config_4daydeg_200-1Hz_200p-1s_1.4offset_1.4Vpk.txt,0.9781,1.27492,0.29141,0.54855,,-16.79,1.4655
unkNa2-L6,unkNa2,4,200-1Hz,-1.4,1.4,2025-03-07_unkNa2-L6_LP-4nF-noR-config_4daydeg_200-1Hz_200p-1s_-1.4offset_1.4Vpk.txt,1.02575,2.99923,0.26211,0.94604,,4.41,-3.3902
unkNa2-L6,unkNa2,4,200-1Hz,0.0,0.5,2025-03-07_unkNa2-L6_LP-4nF-noR-config_4daydeg_200-1Hz_200p-1s_0offset_0.5Vpk.txt,1.08588,1.35799,0.90306,0.92309,,7.48,-0.5271
unkNa2-L6,unkNa2,4,200-1Hz,0.0,1.5,2025-03-07_unkNa2-L6_LP-4nF-noR-config_4daydeg_200-1Hz_200p-1s_0offset_1.5Vpk.txt,1.72687,0.81197,0.97925,0.94688,,30.52,-0.7531
unkNa2-L6,unkNa2,4,200-1Hz,0.0,1.0,2025-03-07_unkNa2-L6_LP-4nF-noR-config_4daydeg_200-1Hz_200p-1s_0offset_1Vpk.txt,1.63441,0.4529,0.91921,0.92732,,6.87,0.0159
unkNa2-L6,unkNa2,4,200-1Hz,0.0,2.4,2025-03-07_unkNa2-L6_LP-4nF-noR-config_4daydeg_200-1Hz_200p-1s_0offset_2.4Vpk.txt,0.93004,1.44866,0.97546,0.93556,,-5.4,-2.7302
unkNa2-L6,unkNa2,4,200-1Hz,0.0,2.0,2025-03-07_unkNa2-L6_LP-4nF-noR-config_4daydeg_200-1Hz_200p-1s_0offset_2Vpk.txt,0.45775,1.33045,0.98186,0.94334,,-17.16,-2.1128
unkNa2-L6,unkNa2,4,200-1Hz,1.4,1.4,2025-03-07_unkNa2-L6_LP-4nF-noR-config_4daydeg_200-1Hz_200p-1s_1.4offset_1.4Vpk.txt,2.29748,2.41727,0.26711,0.87757,,-45.57,2.7907
unkNa2-R5,unkNa2,4,200-1Hz,-1.4,1.4,2025-03-07_unkNa2-R5_LP-4nF-noR-config_4daydeg_200-1Hz_200p-1s_-1.4offset_1.4Vpk.txt,1.01006,0.51505,0.74513,0.56696,,-0.23,0.5425
unkNa2-R5,unkNa2,4,200-1Hz,0.0,0.5,2025-03-07_unkNa2-R5_LP-4nF-noR-config_4daydeg_200-1Hz_200p-1s_0offset_0.5Vpk.txt,0.58003,0.34564,0.48605,0.48784,,54.39,-0.1069
unkNa2-R5,unkNa2,4,200-1Hz,0.0,1.5,2025-03-07_unkNa2-R5_LP-4nF-noR-config_4daydeg_200-1Hz_200p-1s_0offset_1.5Vpk.txt,0.04889,0.4347,0.48395,0.47862,,-3.4,0.4775
unkNa2-R5,unkNa2,4,200-1Hz,0.0,1.0,2025-03-07_unkNa2-R5_LP-4nF-noR-config_4daydeg_200-1Hz_200p-1s_0offset_1Vpk.txt,0.56143,0.31601,0.48977,0.48073,,55.65,-0.186
unkNa2-R5,unkNa2,4,200-1Hz,0.0,2.4,2025-03-07_unkNa2-R5_LP-4nF-noR-config_4daydeg_200-1Hz_200p-1s_0offset_2.4Vpk.txt,0.12529,0.56073,0.48019,0.4803,,2.72,1.076
unkNa2-R5,unkNa2,4,200-1Hz,0.0,2.0,2025-03-07_unkNa2-R5_LP-4nF-noR-config_4daydeg_200-1Hz_200p-1s_0offset_2Vpk.txt,0.55608,0.21563,0.46125,0.4798,,3.66,0.2113
unkNa2-R5,unkNa2,4,200-1Hz,1.4,1.4,2025-03-07_unkNa2-R5_LP-4nF-noR-config_4daydeg_200-1Hz_200p-1s_1.4offset_1.4Vpk.txt,1.13946,1.13465,0.3222,0.53787,,-23.41,1.3159
unkNa2-R6,unkNa2,4,200-1Hz,-1.4,1.4,2025-03-07_unkNa2-R6_LP-4nF-noR-config_4daydeg_200-1Hz_200p-1s_-1.4offset_1.4Vpk.txt,0.05616,1.14663,0.56219,0.54881,,4.53,-1.2821
unkNa2-R6,unkNa2,4,200-1Hz,0.0,0.5,2025-03-07_unkNa2-R6_LP-4nF-noR-config_4daydeg_200-1Hz_200p-1s_0offset_0.5Vpk.txt,0.35409,0.54614,0.45817,0.46866,,38.53,0.2101
unkNa2-R6,unkNa2,4,200-1Hz,0.0,1.5,2025-03-07_unkNa2-R6_LP-4nF-noR-config_4daydeg_200-1Hz_200p-1s_0offset_1.5Vpk.txt,0.11796,0.5234,0.46389,0.46509,,13.96,0.6232
unkNa2-R6,unkNa2,4,200-1Hz,0.0,1.0,2025-03-07_unkNa2-R6_LP-4nF-noR-config_4daydeg_200-1Hz_200p-1s_0offset_1Vpk.txt,0.47807,0.28454,0.45254,0.46621,,58.48,-0.1613
unkNa2-R6,unkNa2,4,200-1Hz,0.0,2.4,2025-03-07_unkNa2-R6_LP-4nF-noR-config_4daydeg_200-1Hz_200p-1s_0offset_2.4Vpk.txt,0.09172,0.39934,0.4642,0.46566,,-1.02,0.747
unkNa2-R6,unkNa2,4,200-1Hz,0.0,2.0,2025-03-07_unkNa2-R6_LP-4nF-noR-config_4daydeg_200-1Hz_200p-1s_0offset_2Vpk.txt,0.25775,0.36718,0.45303,0.4654,,-4.94,-0.5673
unkNa2-R6,unkNa2,4,200-1Hz,1.4,1.4,2025-03-07_unkNa2-R6_LP-4nF-noR-config_4daydeg_200-1Hz_200p-1s_1.4offset_1.4Vpk.txt,1.41575,0.85975,0.42767,0.50605,,-43.28,0.9974
unkK2-L5,unkK2,9,200-1Hz,-2.4,0.4,2025-03-12_unkK2-L5_LP-4nF-noR-config_9daydeg_200-1Hz_200p-1s_-2.4offset_0.4Vpk.txt,9.78841,8.65273,4.53273,0.67082,,121.57,-2.9065
unkK2-L5,unkK2,9,200-1Hz,-2.0,0.8,2025-03-12_unkK2-L5_LP-4nF-noR-config_9daydeg_200-1Hz_200p-1s_-2offset_0.8Vpk.txt,2.45655,4.02383,2.40847,0.84605,,66.76,-2.6428
unkK2-L5,unkK2,9,200-1Hz,2.4,0.4,2025-03-12_unkK2-L5_LP-4nF-noR-config_9daydeg_200-1Hz_200p-1s_2.4offset_0.4Vpk.txt,9.90764,10.7851,3.88614,1.31963,,20.12,3.5868
unkK2-L5,unkK2,9,200-1Hz,2.0,0.8,2025-03-12_unkK2-L5_LP-4nF-noR-config_9daydeg_200-1Hz_200p-1s_2offset_0.8Vpk.txt,4.89724,5.13949,0.71,1.02926,,-29.44,3.4153
unkK2-R5,unkK2,9,200-1Hz,-2.4,0.4,2025-03-12_unkK2-R5_LP-4nF-noR-config_9daydeg_200-1Hz_200p-1s_-2.4offset_0.4Vpk.txt,6.38871,4.68175,1.16885,0.85959,,-74.2,-1.5605
unkK2-R5,unkK2,9,200-1Hz,-2.0,0.8,2025-03-12_unkK2-R5_LP-4nF-noR-config_9daydeg_200-1Hz_200p-1s_-2offset_0.8Vpk.txt,1.08526,2.77143,1.12486,0.77123,,14.17,-1.7965
unkK2-R5,unkK2,9,200-1Hz,2.4,0.4,2025-03-12_unkK2-R5_LP-4nF-noR-config_9daydeg_200-1Hz_200p-1s_2.4offset_0.4Vpk.txt,8.27953,5.94945,3.93387,0.93897,,157.04,2.0198
unkK2-R5,unkK2,9,200-1Hz,2.0,0.8,2025-03-12_unkK2-R5_LP-4nF-noR-config_9daydeg_200-1Hz_200p-1s_2offset_0.8Vpk.txt,4.42865,3.38624,1.60848,0.8208,,-49.98,2.2535
unkK2-R6,unkK2,9,200-1Hz,-2.4,0.4,2025-03-12_unkK2-R6_LP-4nF-noR-config_9daydeg_200-1Hz_200p-1s_-2.4offset_0.4Vpk.txt,5.38259,5.38317,0.99229,0.66397,,-28.4,-1.7913
unkK2-R6,unkK2,9,200-1Hz,-2.0,0.8,2025-03-12_unkK2-R6_LP-4nF-noR-config_9daydeg_200-1Hz_200p-1s_-2offset_0.8Vpk.txt,0.42054,2.72008,0.79486,0.89102,,8.99,-1.7656
unkK2-R6,unkK2,9,200-1Hz,2.4,0.4,2025-03-12_unkK2-R6_LP-4nF-noR-config_9daydeg_200-1Hz_200p-1s_2.4offset_0.4Vpk.txt,6.58324,7.33561,3.49461,0.5143,,69.53,2.4402
unkK2-R6,unkK2,9,200-1Hz,2.0,0.8,2025-03-12_unkK2-R6_LP-4nF-noR-config_9daydeg_200-1Hz_200p-1s_2offset_0.8Vpk.txt,3.97803,3.24819,0.71357,0.8081,,-52.23,2.1709
unkNa2-L6,unkNa2,9,200-1Hz,-2.4,0.4,2025-03-12_unkNa2-L6_LP-4nF-noR-config_9daydeg_200-1Hz_200p-1s_-2.4offset_0.4Vpk.txt,11.75959,8.31168,3.42808,0.97573,,-129.2,-2.7897
unkNa2-L6,unkNa2,9,200-1Hz,-2.0,0.8,2025-03-12_unkNa2-L6_LP-4nF-noR-config_9daydeg_200-1Hz_200p-1s_-2offset_0.8Vpk.txt,5.28647,2.64728,2.38597,0.96009,,-145.71,-1.8081
unkNa2-L6,unkNa2,9,200-1Hz,2.4,0.4,2025-03-12_unkNa2-L6_LP-4nF-noR-config_9daydeg_200-1Hz_200p-1s_2.4offset_0.4Vpk.txt,11.64655,9.4885,3.29031,0.7925,,-76.12,3.1914
unkNa2-L6,unkNa2,9,200-1Hz,2.0,0.8,2025-03-12_unkNa2-L6_LP-4nF-noR-config_9daydeg_200-1Hz_200p-1s_2offset_0.8Vpk.txt,4.954,4.82544,0.74825,0.86937,,-41.84,3.1958
unkNa2-R5,unkNa2,9,200-1Hz,-2.4,0.4,2025-03-12_unkNa2-R5_LP-4nF-noR-config_9daydeg_200-1Hz_200p-1s_-2.4offset_0.4Vpk.txt,3.41566,4.70098,0.93141,0.6989,,-8.42,-1.5606
unkNa2-R5,unkNa2,9,200-1Hz,-2.0,0.8,2025-03-12_unkNa2-R5_LP-4nF-noR-config_9daydeg_200-1Hz_200p-1s_-2offset_0.8Vpk.txt,0.19677,1.0609,0.78943,0.67845,,78.16,-0.6656
unkNa2-R5,unkNa2,9,200-1Hz,2.4,0.4,2025-03-12_unkNa2-R5_LP-4nF-noR-config_9daydeg_200-1Hz_200p-1s_2.4offset_0.4Vpk.txt,6.34798,4.32959,2.65143,0.59677,,-164.81,1.4747
unkNa2-R5,unkNa2,9,200-1Hz,2.0,0.8,2025-03-12_unkNa2-R5_LP-4nF-noR-config_9daydeg_200-1Hz_200p-1s_2offset_0.8Vpk.txt,2.76564,1.09679,0.75328,0.5688,,-148.85,0.7604
unkNa2-R6,unkNa2,9,200-1Hz,-2.4,0.4,2025-03-12_unkNa2-R6_LP-4nF-noR-config_9daydeg_200-1Hz_200p-1s_-2.4offset_0.4Vpk.txt,3.25287,4.80268,1.12479,0.59453,,0.53,-1.592
unkNa2-R6,unkNa2,9,200-1Hz,-2.0,0.8,2025-03-12_unkNa2-R6_LP-4nF-noR-config_9daydeg_200-1Hz_200p-1s_-2offset_0.8Vpk.txt,2.64647,0.66025,0.39083,0.71895,,-95.55,-0.443
unkNa2-R6,unkNa2,9,200-1Hz,2.4,0.4,2025-03-12_unkNa2-R6_LP-4nF-noR-config_9daydeg_200-1Hz_200p-1s_2.4offset_0.4Vpk.txt,6.7204,6.33676,2.06623,0.51626,,-21.74,2.1168
unkNa2-R6,unkNa2,9,200-1Hz,2.0,0.8,2025-03-12_unkNa2-R6_LP-4nF-noR-config_9daydeg_200-1Hz_200p-1s_2offset_0.8Vpk.txt,2.90054,2.44058,0.47328,0.50075,,-48.56,1.6355
unkLi2-L3,unkLi2,10,200-1Hz,-2.4,0.4,2025-03-13_unkLi2-L3_LP-4nF-noR-config_10daydeg_200-1Hz_200p-1s_-2.4offset_0.4Vpk.txt,10.27582,9.75839,3.15212,0.86856,,-29.28,-3.2831
unkLi2-L3,unkLi2,10,200-1Hz,-2.0,0.8,2025-03-13_unkLi2-L3_LP-4nF-noR-config_10daydeg_200-1Hz_200p-1s_-2offset_0.8Vpk.txt,2.42846,4.25217,2.57201,0.87597,,55.45,-2.7991
unkLi2-L3,unkLi2,10,200-1Hz,2.4,0.4,2025-03-13_unkLi2-L3_LP-4nF-noR-config_10daydeg_200-1Hz_200p-1s_2.4offset_0.4Vpk.txt,7.75511,6.71802,4.38548,0.79899,,125.78,2.2618
unkLi2-L3,unkLi2,10,200-1Hz,2.0,0.8,2025-03-13_unkLi2-L3_LP-4nF-noR-config_10daydeg_200-1Hz_200p-1s_2offset_0.8Vpk.txt,3.92977,3.6525,0.51941,0.5803,,-43.19,2.4385
unkLi2-R4,unkLi2,10,200-1Hz,-2.4,0.4,2025-03-13_unkLi2-R4_LP-4nF-noR-config_10daydeg_200-1Hz_200p-1s_-2.4offset_0.4Vpk.txt,9.62986,10.14834,4.81077,1.22173,,79.73,-3.3701
unkLi2-R4,unkLi2,10,200-1Hz,-2.0,0.8,2025-03-13_unkLi2-R4_LP-4nF-noR-config_10daydeg_200-1Hz_200p-1s_-2offset_0.8Vpk.txt,4.50825,2.78973,2.44872,0.75237,,156.32,-1.9124
unkLi2-R4,unkLi2,10,200-1Hz,2.4,0.4,2025-03-13_unkLi2-R4_LP-4nF-noR-config_10daydeg_200-1Hz_200p-1s_2.4offset_0.4Vpk.txt,12.42488,10.26234,3.54024,0.65726,,-68.68,3.4932
unkLi2-R4,unkLi2,10,200-1Hz,2.0,0.8,2025-03-13_unkLi2-R4_LP-4nF-noR-config_10daydeg_200-1Hz_200p-1s_2offset_0.8Vpk.txt,5.36827,2.66941,2.24956,1.01724,,-178.76,1.8781
unkLi2-R6,unkLi2,10,200-1Hz,-2.4,0.4,2025-03-13_unkLi2-R6_LP-4nF-noR-config_10daydeg_200-1Hz_200p-1s_-2.4offset_0.4Vpk.txt,2.29657,4.21383,1.53936,0.93163,,43.31,-1.3724
unkLi2-R6,unkLi2,10,200-1Hz,-2.0,0.8,2025-03-13_unkLi2-R6_LP-4nF-noR-config_10daydeg_200-1Hz_200p-1s_-2offset_0.8Vpk.txt,2.17526,0.24041,1.09485,0.78408,,-18.13,0.0786
unkLi2-R6,unkLi2,10,200-1Hz,2.4,0.4,2025-03-13_unkLi2-R6_LP-4nF-noR-config_10daydeg_200-1Hz_200p-1s_2.4offset_0.4Vpk.txt,5.97957,6.652,2.08773,0.87023,,22.62,2.2057
unkLi2-R6,unkLi2,10,200-1Hz,2.0,0.8,2025-03-13_unkLi2-R6_LP-4nF-noR-config_10daydeg_200-1Hz_200p-1s_2offset_0.8Vpk.txt,3.1686,1.97325,0.38079,0.51933,,-83.53,1.3196
unkLi2-L3,unkLi2,23,200-1Hz,-0.5,0.25,2025-03-26_unkLi2-L3_LP-4nF-noR-config_23daydeg_200-1Hz_200p-1s_-0.5offset_0.25Vpk.txt,5.38041,2.09477,1.61238,0.90045,,-134.47,-0.4545
unkLi2-L3,unkLi2,23,200-1Hz,-1.5,0.25,2025-03-26_unkLi2-L3_LP-4nF-noR-config_23daydeg_200-1Hz_200p-1s_-1.5offset_0.25Vpk.txt,12.88217,9.28779,3.87966,1.23153,,-114.14,-1.9281
unkLi2-L3,unkLi2,23,200-1Hz,-1.0,0.25,2025-03-26_unkLi2-L3_LP-4nF-noR-config_23daydeg_200-1Hz_200p-1s_-1offset_0.25Vpk.txt,6.10007,6.63309,3.14126,1.07225,,83.67,-1.3784
unkLi2-L3,unkLi2,23,200-1Hz,-2.5,0.25,2025-03-26_unkLi2-L3_LP-4nF-noR-config_23daydeg_200-1Hz_200p-1s_-2.5offset_0.25Vpk.txt,17.1501,16.70057,7.47505,1.2754,,80.18,-3.4552
unkLi2-L3,unkLi2,23,200-1Hz,-2.0,0.25,2025-03-26_unkLi2-L3_LP-4nF-noR-config_23daydeg_200-1Hz_200p-1s_-2offset_0.25Vpk.txt,13.06144,13.39975,5.85071,1.01485,,71.22,-2.8173
unkLi2-L3,unkLi2,23,200-1Hz,0.5,0.25,2025-03-26_unkLi2-L3_LP-4nF-noR-config_23daydeg_200-1Hz_200p-1s_0.5offset_0.25Vpk.txt,3.65151,1.90056,2.29743,1.11608,,160.36,0.4123
unkLi2-L3,unkLi2,23,200-1Hz,0.0,0.25,2025-03-26_unkLi2-L3_LP-4nF-noR-config_23daydeg_200-1Hz_200p-1s_0offset_0.25Vpk.txt,1.66786,0.49441,1.00994,0.96739,,14.23,0.0212
unkLi2-L3,unkLi2,23,200-1Hz,1.5,0.25,2025-03-26_unkLi2-L3_LP-4nF-noR-config_23daydeg_200-1Hz_200p-1s_1.5offset_0.25Vpk.txt,9.6743,10.0381,5.22973,1.02632,,79.16,2.1005
unkLi2-L3,unkLi2,23,200-1Hz,1.0,0.25,2025-03-26_unkLi2-L3_LP-4nF-noR-config_23daydeg_200-1Hz_200p-1s_1offset_0.25Vpk.txt,8.60322,6.85533,1.87632,1.06836,,-73.37,1.4422
unkLi2-L3,unkLi2,23,200-1Hz,2.5,0.25,2025-03-26_unkLi2-L3_LP-4nF-noR-config_23daydeg_200-1Hz_200p-1s_2.5offset_0.25Vpk.txt,17.09895,17.92099,6.13405,1.81954,,7.78,3.7066
unkLi2-L3,unkLi2,23,200-1Hz,2.0,0.25,2025-03-26_unkLi2-L3_LP-4nF-noR-config_23daydeg_200-1Hz_200p-1s_2offset_0.25Vpk.txt,16.14953,13.80373,4.55596,0.82623,,-60.08,2.8876
