dev,day,H_1k
unkK2-L5,3,0.44279
unkK2-L5,4,0.54755
unkK2-L5,9,0.44414
unkK2-R5,3,0.44368
unkK2-R5,4,0.450285
unkK2-R5,9,0.450445
unkK2-R6,3,0.44409
unkK2-R6,4,0.450375
unkK2-R6,9,0.45127
unkLi2-L3,10,0.37585
unkLi2-L3,23,0.38994
unkLi2-R4,4,0.35315
unkLi2-R4,10,0.41481
unkLi2-R5,4,0.36724
unkLi2-R6,4,0.37304
unkLi2-R6,10,0.42432
unkNa2-L6,3,0.44615
unkNa2-L6,4,0.42317
unkNa2-L6,9,0.41642999999999997
unkNa2-R5,3,0.42194
unkNa2-R5,4,0.42725
unkNa2-R5,9,0.429845
unkNa2-R6,3,0.42295
unkNa2-R6,4,0.427755
unkNa2-R6,9,0.431475
