device_name,Date,salt,t_nm
NM_v277,10/03/2024,LiTr,225.0
NM_v278,10/03/2024,LiTr,216.0
NM_v279,10/03/2024,LiTr,224.667
NM_v280,10/03/2024,LiTr,163.0
NM_v281,10/03/2024,LiTr,163.333
NM_v282,10/03/2024,LiTr,165.0
NM_v291,10/12/2024,LiTr,186.63
NM_v296,10/29/2024,LiTr,156.4
NM_v297,10/29/2024,LiTr,149.0
NM_v298,10/29/2024,NaTFSI,175.6
NM_v299,10/29/2024,NaTFSI,167.4
NM_v300,10/29/2024,KTr,162.2
NM_v301,10/29/2024,KTr,162.4
NM_v308,12/04/2024,LiTr,167.948
NM_v309,12/04/2024,LiTr,169.544
NM_v310,12/04/2024,LiTr,177.864
NM_v311,12/04/2024,LiTr,172.807
NM_v312,12/04/2024,LiTr,189.36
NM_v313,12/04/2024,LiTr,182.616
NM_v333,5/14/2025,LiTFSI,209.667
NM_v334,5/14/2025,LiTFSI,204.333
NM_v335,5/14/2025,NaTFSI,212.333
NM_v336,5/14/2025,NaTFSI,215.333
NM_v337,5/14/2025,KTFSI,194.667
NM_v338,5/14/2025,KTFSI,206.333
