campaign,salt,pixel,v_read,tail_s,drop,tau,beta,t_half,t50,fit_ok,file
2025-02-10-KTr,KTr,L6,-2.25,598.82070004,0.7853871951510353,117.78915082631718,0.15423107169310207,10.940897453728521,0.8364123718127034,True,"2025-02-10-KTr/L6/Pulses/1000pulses, -5V, -2.25V, relaxation.txt"
2025-02-10-KTr,KTr,L6,-2.25,598.8205525999999,0.40829174397909296,0.9833942199801018,0.8481806843013617,0.6383543369010142,0.47742462372263433,True,"2025-02-10-KTr/L6/pulses levels constant/-2.2V constant, 100s pulses, 0.02bp, daly time 10 min.txt"
2025-02-10-KTr,KTr,L6,-2.25,598.82044816,0.33583414511641063,0.6163065121900999,0.9999999999965383,0.42719112128475933,0.4286393224082429,True,"2025-02-10-KTr/L6/pulses levels constant/-2.2V constant, 25s pulses, 0.02s bp, delay time - Copy.txt"
2025-02-10-KTr,KTr,L6,-2.25,598.82055094,0.4175051228203017,0.7747101288465252,0.9149007215872572,0.5189901463843939,0.38543357096095865,True,"2025-02-10-KTr/L6/pulses levels constant/-2.2V constant, 75s pulses, 0.02s bp, delay time.txt"
2025-02-17-KTr,KTr,unk,-2.25,598.8210014599999,0.32954978042032235,1.2645254032166908,0.8623875548081287,0.8267102173004004,0.4188231720971387,True,"2025-02-17-KTr/-200s, -2.25V, -5V, 0.02s.txt"
2025-02-17-KTr,KTr,unk,-2.25,598.82076348,0.4839004765607072,3.1921138040695736,0.5172847388719385,1.571689382390912,1.2633352286129882,True,"2025-02-17-KTr/-400s, -2.25V, -5V, 0.02s.txt"
2025-02-17-KTr,KTr,unk,-2.25,598.8209229,0.29568806295037764,0.8810667364051277,0.9201486801839376,0.591590182821613,0.3168509650817201,True,"2025-02-17-KTr/100s, -2.25V, -5V, 0.02s (2).txt"
2025-02-17-KTr,KTr,unk,-2.25,598.8207631,0.3846864538430953,1.7036397580781177,0.7280940562823719,1.0298160758422972,0.5294812621965087,True,"2025-02-17-KTr/100s, -2.25V, -5V, 0.02s.txt"
2025-02-17-KTr,KTr,unk,-2.25,598.82090262,0.6037140253924562,3.1807350196254007,0.5119995758981282,1.554674450882063,1.0417393620068705,True,"2025-02-17-KTr/400s, -2.25V, -5V, 0.02s.txt"
2025-02-17-KTr,KTr,unk,-2.25,598.82109144,0.29852367550696246,0.7696986191681324,0.9588832392759808,0.5251952500211551,0.3786719624841326,True,"2025-02-17-KTr/50s, -2,25V, -5V, 0.02s.txt"
2025-02-17-KTr,KTr,unk,-2.25,598.82090262,0.6037140253924562,3.1807350196254007,0.5119995758981282,1.554674450882063,1.0417393620068705,True,"2025-02-17-KTr/600 s, -2.25V, -5V, 0,02_third.txt"
2025-02-17-KTr,KTr,unk,-2.25,598.8207799599999,0.5802126643688499,2.313944046504114,0.5163700144040015,1.1378790717559462,1.082568840950818,True,"2025-02-17-KTr/600s, -2.25V, -5V, 0.02 s_second.txt"
2025-02-17-KTr,KTr,unk,-2.25,598.8209179799999,0.4882508258163093,0.7573795527368423,0.9674982164246925,0.51855136946184,0.5045387889682791,True,"2025-02-17-KTr/600s, -2.25V, -5V, 0.02s.txt"
2025-02-17-KTr,KTr,unk,-2.25,598.8206747199999,0.3945781580053507,12.754207028314513,0.36611033845321084,4.686853962742385,3.2347477432158636,True,"2025-02-17-KTr/600s, -2.25V, -5V, 0.02s_forth.txt"
2025-02-12-LiTr,LiTr,unk,-2.25,598.8206304,0.9779235398531934,4.1928983791949745,0.3296012343829803,1.3790616612604998,1.283626638892747,True,"2025-02-12-LiTr/Pulses relaxation/-2.25V, -5V pulses, 100 s, relaxation.txt"
2025-02-12-LiTr,LiTr,unk,-2.25,598.8205804,0.9694564604091531,6.0613908578252,0.4357849012682774,2.614043875004309,2.7673349397122613,True,"2025-02-12-LiTr/Pulses relaxation/-2.25V, -5V pulses, 100s relaxation b.txt"
2025-02-12-LiTr,LiTr,unk,-2.25,598.82026548,0.9678931491510638,7.445188037003291,0.3407881141777291,2.5397907686562085,2.018973391012548,True,"2025-02-12-LiTr/Pulses relaxation/-2.25V, -5V pulses, 6000s, relaxation.txt"
2025-02-12-LiTr,LiTr,unk,-2.25,598.8203415199999,0.9777899252529506,6.182224994243927,0.3780065381751036,2.344528013154132,2.209997131171362,True,"2025-02-12-LiTr/Pulses relaxation/-2.25V, -5V pulses, 75s, relaxation.txt"
2025-02-12-LiTr,LiTr,unk,-2.25,598.82043666,0.9735072463765735,5.8215027433369295,0.3857779773503965,2.251274789968607,2.3077556024026302,True,"2025-02-12-LiTr/Pulses relaxation/-2.25v, -5v PULSES, 50 S, RELAXATION.txt"
2025-02-12-NaTr,NaTr,unk,-1.5,305.0657394400001,-0.7394266349614886,161.95269323365136,0.860576223177957,105.78532665072757,nan,True,"2025-02-12-NaTr/Vconst/-1V, -1V constnat.txt"
2025-02-12-NaTr,NaTr,unk,-2.25,598.82033638,0.9851884700663154,3.072255326237377,0.3665273125067869,1.130263952204834,1.1476249214711118,True,"2025-02-12-NaTr/pulses, relaxation/-2.25V _0.02b_-5V_100s_relaxation.txt"
2025-02-12-NaTr,NaTr,unk,-2.25,598.8203547799999,0.9338931858138786,3.5029030144628956,0.344187859862501,1.2077136745664696,1.0815050562429742,True,"2025-02-12-NaTr/pulses, relaxation/-2.25V, 0.02bp, -5V, 100s relaxation b.txt"
2025-02-12-NaTr,NaTr,unk,-2.25,598.8206466400001,0.9108314026532469,4.6414646689235655,0.39643830490522186,1.8413805337827875,1.4971755553245647,True,"2025-02-12-NaTr/pulses, relaxation/-2.25V, 0.02bp, -5V, 50s relaxation.txt"
2025-02-12-NaTr,NaTr,unk,-2.25,598.8203888400001,0.9352007694150024,4.163436049982158,0.3592351551732252,1.5009250981565185,1.3278440320198706,True,"2025-02-12-NaTr/pulses, relaxation/-2.25V, 0.02bp,-5V,75s relaxation.txt"
2025-02-12-NaTr,NaTr,unk,-2.5,598.82049048,0.966019718651828,4.585961278864341,0.37111475927795806,1.708130988045984,1.565550172968706,True,"2025-02-12-NaTr/pulses, relaxation/-2.5V _0.02b_-5V_100s_relaxation.txt"
2025-02-17-NaTr,NaTr,unk,-2.25,598.82074786,0.933700594613244,25.778383662816307,0.34754277062937994,8.97957592531225,5.518388489080001,True,"2025-02-17-NaTr/pulse, relaxation/-6000, -2.25V, -5, 5VV pulses, 0.02s.txt"
2025-02-17-NaTr,NaTr,unk,-2.25,598.8205584,0.919875017402241,35.84728546859057,0.33067929334263046,11.833141053051412,6.089338359309661,True,"2025-02-17-NaTr/pulse, relaxation/-600s, -2.25V, -5V pulses, 0.02_second.txt"
2025-02-17-NaTr,NaTr,unk,-2.25,598.8204256799999,0.8444444444437968,74.46027788961226,0.4270164458463041,31.562028929887685,20.903279380502827,True,"2025-02-17-NaTr/pulse, relaxation/-600s, -2.25V, -5V, 0.02s.txt"
2025-02-17-NaTr,NaTr,unk,-2.25,598.8207648000002,0.7383226223392501,69.23367721344722,0.34766046299926373,24.125292526174096,10.921880960777788,True,"2025-02-17-NaTr/pulse, relaxation/1500s, -2.25V, -5V, pulses 0.02s.txt"
2025-02-17-NaTr,NaTr,unk,-2.25,598.8204849599999,0.9489448279160032,14.942376919374686,0.3428094979766408,5.129748709649702,3.0470704737656185,True,"2025-02-17-NaTr/pulse, relaxation/600, -2.25V, -5V, 5V, 0.02s.txt"
2025-02-17-NaTr,NaTr,unk,-2.25,598.82052634,0.9311551395078016,11.508776327058076,0.3496885760108347,4.034964637378906,2.381658531396979,True,"2025-02-17-NaTr/pulse, relaxation/600s, -2.25V, -5V,5V, 0.02sthirdNa2.txt"
