device,chem,day,mtype,pixel,n_pts,dur,dt_med,v_min,v_max,cls,polarity,amp,n_cycles,steps,rate_Vps,n_cycles_used,onoff_first,onoff_med,narea_med,i_peak_max,cycle_gain,any_sat
NM_v296,TMPELiTr,6,DualHyst,R5,18939,10196.888047,0.2014153999998598,-7.0,7.0,SWEEP,BIPOLAR,7.0,58,160,0.4294021159980739,59,0.09090909091122064,0.4,0.061452259475156035,7.6740980148e-07,0.26675628961533293,False
NM_v296,TMPELiTr,,?,L4,9499,8295.4891719,0.20141530000000785,-7.0,0.0,SWEEP,NEG,7.0,58,80,0.4280687815839796,59,85.52941176435812,2.0124517087550298,0.0631889113955165,6.7780492827e-05,2.0380928974899075,False
NM_v296,TMPELiTr,,?,R5,12719,8946.0690612,0.20141580000000303,-7.0,0.0,SWEEP,NEG,7.0,78,80,0.428993971707299,79,1.0521739130467258,1.0772727272702427,0.009567964133322447,7.5018033385e-07,1.4507675028087559,False
NM_v296,TMPELiTr,,?,R5,12719,8946.0698041,0.20141587000000527,-7.0,0.0,SWEEP,NEG,7.0,78,80,0.4289938226148815,79,1.2967032967738334,1.94430162813303,0.06383316404259874,1.6226782463e-05,7.4791454727580415,False
NM_v296,TMPELiTr,1,Hyst,L4,9499,8295.4974916,0.20141608000000133,0.0,7.0,SWEEP,POS,7.0,58,80,0.4280671238531428,59,1.321428571411041,1.025000000037581,0.005879629630706268,4.016328603e-08,1.8405797101557528,False
NM_v297,TMPELiTr,6,DualHyst,L5,18939,10196.893898,0.201415799999495,-7.0,7.0,SWEEP,BIPOLAR,7.0,58,160,0.42940126323136074,59,0.2727272727258529,0.46153846152219663,0.05958338259614849,2.9833754525e-06,0.08409099777561435,False
NM_v298,?,,?,L6,26649,11776.965701,0.20141499999999724,-3.0,0.0,SWEEP,NEG,3.0,328,40,0.3672094903230415,329,1.1352030138151625,0.9988468748619993,0.0021744502539787006,0.00078001979273,47.77786570122967,False
NM_v298,?,,?,L6,4779,7344.8090558,0.20141524000004551,-3.0,0.0,SWEEP,NEG,3.0,58,40,0.36465129293890186,59,8.29032258060449,1.2938316835297785,0.05690539469463445,1.6984995455e-05,2.6704326260086866,False
NM_v298,?,,?,L6,14499,9314.659698,0.2014150999998492,-3.0,0.0,SWEEP,NEG,3.0,178,40,0.3667409407372805,179,1.3355886332528373,1.0118982796177136,0.006650684745553449,0.00021665822715,23.6660407729798,False
NM_v298,?,,?,L6,42849,15060.125327,0.20141609999973298,0.0,3.0,SWEEP,POS,3.0,528,40,0.36741879507966196,529,1.1746987951796317,0.9839357429708715,0.005948101904693584,1.4747492969e-06,9.426646706580282,False
NM_v298,?,,?,L6,4779,7344.8130695,0.20141600000022208,0.0,3.0,SWEEP,POS,3.0,58,40,0.3646499170052768,59,1.2330097087540577,1.1364705882372914,0.0406175417666945,1.5599653125e-07,3.6681222708070598,False
NM_v298,?,,?,L6,12719,8946.1174576,0.20141590000002907,-3.0,3.0,SWEEP,BIPOLAR,3.0,78,80,0.36770893604409793,79,0.1428571428580194,0.8027210884393493,0.03360813796643252,2.4291803129e-05,0.32926461073823404,False
NM_v298,?,,?,L6,9499,8295.532593,0.20141612000000464,-3.0,3.0,SWEEP,BIPOLAR,3.0,58,80,0.3669146047214086,59,0.11111111110845989,0.6199999999989692,0.06272377185797257,4.272442311e-07,0.8514607532586737,False
NM_v299,?,15,NegaHyst,R5,83349,23267.778989,0.20141510000030394,-3.0,0.0,SWEEP,NEG,3.0,1028,40,0.3675895245226907,1029,1.233628318582483,1.025520277424085,0.0059509796857306185,0.00019141240045,127.43436155109723,False
NM_v299,?,3,DualHyst,L4,9499,8295.5273315,0.20141560000001846,-3.0,3.0,SWEEP,BIPOLAR,3.0,58,80,0.36691555199455617,59,0.0,0.43243243242490287,0.03994755244769782,1.0582152754e-07,1.3091603053457013,False
NM_v300,TMPEKTr,6,DualHyst,R5,18939,10196.898926,0.20141609999973298,-7.0,7.0,SWEEP,BIPOLAR,7.0,58,160,0.429400623657458,59,0.7272727272741472,0.7368421052774349,0.021787346798319115,6.8392255343e-05,0.06869792420262516,False
NM_v300,TMPEKTr,2,NegaHyst,L4,9499,8295.4859571,0.20141496000005077,-7.0,0.0,SWEEP,NEG,7.0,58,80,0.4280695041885337,59,2.842105263193587,2.034031413618099,0.08292548500881283,6.7241489887e-07,3.478527607330279,False
NM_v300,TMPEKTr,1,Hyst,L4,9499,8295.4944362,0.20141589999911957,0.0,7.0,SWEEP,POS,7.0,58,80,0.4280675064071504,59,1.1363636363707355,1.0270270270207522,0.014803921568757953,4.0978193283e-08,1.569230769174655,False
NM_v301,TMPEKTr,,?,L4,12719,8946.0699234,0.20141571999999996,-7.0,0.0,SWEEP,NEG,7.0,78,80,0.42899414209876124,79,1.3333333333333333,1.1586538461419333,0.0101721374886809,6.4144842327e-07,16.084210526260584,False
NM_v301,TMPEKTr,,?,L4,12719,8946.0628608,0.20141530000000785,-7.0,0.0,SWEEP,NEG,7.0,78,80,0.4289950366561077,79,73.86666666440657,1.2202729045511596,0.0072108388611162285,2.9129441828e-06,1.0640628720687066,False
NM_v301,TMPEKTr,,?,L4,12719,8946.0712277,0.2014160000001084,0.0,7.0,SWEEP,POS,7.0,78,80,0.4289935457290275,79,0.942857142869765,1.0,0.0060526315792269565,1.1641532183e-08,1.175675675681323,False
NM_v301,TMPEKTr,,?,L4,12719,8946.0657821,0.20141540000031455,0.0,7.0,SWEEP,POS,7.0,78,80,0.4289948236652677,79,1.0,1.0,0.006502525251596273,1.5716068447e-08,0.7857142857088074,False
NM_v302,TMPELiTr,4,Hyst,R4,10626,2419.5097948,0.20141734000003453,0.0,7.0,SWEEP,POS,7.0,66,80,0.42845248681562814,66,3.657894736786708,1.338161284035076,0.09753675936658379,5.3457915783e-06,3.8466522678589206,False
NM_v302,TMPELiTr,,?,L4,13176,2642.5598592,0.20029879999992772,-15.0,0.0,SWEEP,NEG,15.0,30,108,0.33533689374825654,30,25.325865812214342,2.75820203975427,0.17473140914851182,0.0010500178905,8.689067688612758,True
NM_v302,TMPELiTr,,?,R4,1686,338.47963632,0.20140039999998294,-7.0,0.0,SWEEP,NEG,7.0,14,108,0.5978305975109648,15,2.8423001272236235,0.2310906084106681,0.6128479278956809,5.5519514717e-05,0.5693271301551782,False
NM_v302,TMPELiTr,4,Test1LongPulseEPSC,L4,6324,1270.172952,0.2014022800000248,0.0,7.0,SWEEP,POS,7.0,20,153,0.22533344308071068,21,4.628787878817952,2.0429785107568272,0.1978244717564471,5.1424140111e-06,12.055949781860296,False
NM_v302,TMPELiTr,4,Test1LongPulseEPSC,R3,6335,1272.3893117,0.20140313999999648,0.0,7.0,SWEEP,POS,7.0,20,148,0.22494121692102573,21,11.748756219042505,1.5089616353082231,0.1414971093034075,8.191447705e-06,4.2130915273731535,False
NM_v302,TMPELiTr,4,Test1LongPulseEPSC,R4,6347,1274.806718,0.20140270000000626,0.0,7.0,SWEEP,POS,7.0,20,185,0.22451642072887038,21,26.566666666802675,1.3982225984342955,0.06755891393155787,4.5638298616e-06,3.2540062185861953,False
NM_v302,TMPELiTr,,?,L5,6916,1391.7586364,0.2014133000000129,-7.0,0.0,SWEEP,NEG,7.0,50,185,0.4974965861231168,50,4.507588952513476,1.2079672533466423,0.05418165272156919,0.00039563630708,1.3123032118737648,False
NM_v302,TMPELiTr,,?,R4,53706,10765.658869,0.20029749999957858,-7.0,0.0,SWEEP,NEG,7.0,70,185,0.0904512356365091,70,36.06685296556325,1.7781547490885266,0.16433366138884153,0.00037773489021,2.157116910614436,False
NM_v302,TMPELiTr,,?,R4,9513,1912.3360765,0.20140900000001238,-7.0,0.0,SWEEP,NEG,7.0,40,225,0.28862155445276233,40,9.520547945088614,5.257389204120185,0.16141787601650015,4.5859487727e-05,36.42804154301985,False
NM_v302,TMPELiTr,,?,R3,100000,-0.2002829999983078,0.20029599999907077,-7.0,0.0,SWEEP,NEG,7.0,42,185,0.029706035068237026,43,1.4816959550346014,2.1803425619360746,0.0934948824555538,0.0010499941418,1.000000665253018,True
NM_v302,TMPELiTr,4,NegaHyst,R5,10626,2419.4919706,0.20141555999998673,-7.0,0.0,SWEEP,NEG,7.0,66,80,0.42845627324328556,66,12.574228523698974,3.1590522361662563,0.12365243538806264,0.00030927173793,0.13227492588371723,False
NM_v302,TMPELiTr,4,TestManyLongPulsesEPSC,R4,6237,1254.9646391,0.20141319999993357,0.0,7.0,SWEEP,POS,7.0,50,148,0.5516575433543967,50,19.4169884171796,1.095823708821868,0.06773932360114765,1.0836170986e-05,7.543111831470296,False
NM_v302,TMPELiTr,4,Test1LongPulseNegEPSC,R8,6324,1270.1684093,0.20140144000004057,-7.0,0.0,SWEEP,NEG,7.0,20,153,0.2253343828956824,21,10.436099132919452,3.847098164908415,0.15975529676784903,0.00047877000179,2.2843187734883603,False
NM_v302,TMPELiTr,4,Test1LongPulseNegEPSC,R6,6335,1272.3860292,0.2014021300000195,-7.0,0.0,SWEEP,NEG,7.0,20,148,0.22494234496581808,21,11.2782769754278,3.4808699999279122,0.15685102127551093,0.00028247269802,1.0538858975674517,False
NM_v302,TMPELiTr,4,Test1LongPulseNegEPSC,R5,8542,1713.5507682,0.20029920000001766,-7.0,0.0,SWEEP,NEG,7.0,16,185,0.12682969616249504,16,9.8837320574333,2.575148077757509,0.10140481636030092,0.00025504711084,13.47644062771593,False
NM_v303,TMPELiTr,1,NegaHyst,R5,20286,7475.2298138,0.20141620000003968,-7.0,0.0,SWEEP,NEG,7.0,126,80,0.43001236333848275,126,784.5662650581457,1.9812556774874814,0.0740628056511452,0.00015625671949,0.9453875624698173,False
NM_v303,TMPELiTr,1,DualHyst,R5,14445,5390.7022448,0.20141499999999724,-7.0,7.0,SWEEP,BIPOLAR,7.0,44,160,0.42826115650602625,45,0.08955223880581706,0.09375000000008389,0.12713629651605185,7.8324228525e-06,0.004830243953473756,False
NM_v303,TMPELiTr,1,Hyst,R5,12397,5881.2017143,0.20141516999996156,0.0,7.0,SWEEP,POS,7.0,76,80,0.4289243407067161,77,15.66282420748709,1.2817396740773974,0.10871384197980208,7.3083210737e-06,0.10727255351595663,False
NM_v304,TMPENaTr,1,NegaHyst,L5,20286,7475.2145701,0.20141560000001846,-7.0,0.0,SWEEP,NEG,7.0,126,80,0.4300136443089097,126,22.764705881856568,2.0437971499892935,0.07709568280465928,0.00014637748245,214.75786462270617,False
NM_v304,TMPENaTr,1,DualHyst,L5,11556,3218.3054217,0.20141549999971176,-7.0,7.0,SWEEP,BIPOLAR,7.0,36,160,0.4270571155876469,36,0.20987654321393517,0.2169340463435162,0.17954351791718676,2.5285058655e-05,0.0020258106695699102,False
NM_v304,TMPENaTr,1,Hyst,L5,9016,5198.2110366,0.20141618000002381,0.0,7.0,SWEEP,POS,7.0,56,80,0.42787090999140337,56,1.5338983050613029,1.777657863712662,0.14307779993739667,1.463922672e-06,0.271234162368711,False
NM_v305,TMPENaTr,4,Hyst,L6,10626,2419.5005415,0.20141620000003968,0.0,7.0,SWEEP,POS,7.0,66,80,0.4284549118233125,66,3.181818181795997,1.3169006047980523,0.07275298725598121,3.5520642996e-06,2.317422434356747,False
NM_v305,TMPENaTr,4,NegaHyst,R5,10626,2419.4791623,0.20141430000001037,-7.0,0.0,SWEEP,NEG,7.0,66,80,0.42845895356386926,66,8.671023965182385,1.9998052801417068,0.09174899865164915,0.00021424889565,0.35252165594275015,False
NM_v306,TMPEKTr,5,Hyst,L4,20286,7475.2001049,0.201414839999984,0.0,7.0,SWEEP,POS,7.0,126,80,0.43001526688242264,126,18.15384615395316,3.579557820940485,0.11183307699717293,0.00037019141018,0.1856373774321037,False
NM_v306,TMPEKTr,5,NegaHyst,L3,20286,7475.2096287,0.2014152000001559,-7.0,0.0,SWEEP,NEG,7.0,126,80,0.4300144982931106,126,22.593162393269697,7.238141106590081,0.13903172293839677,0.0018236618489,4.1485356180257575,True
NM_v307,TMPEKTr,5,NegaHyst,L2,20286,7475.2209274,0.20141579999972237,-7.0,0.0,SWEEP,NEG,7.0,126,80,0.4300132173185666,126,2.1578947368525156,0.4736842105292902,0.08927149433846825,1.0784715414e-06,0.05430711610513626,False
NM_v308,TMPELiTr,2,Hyst,L6,7406,1768.9247846,0.20141639999997096,0.0,7.0,SWEEP,POS,7.0,46,80,0.4270324668449135,46,1.064516129041755,1.1968455042212156,0.06466130039895394,3.9674341679e-07,1.3146067415852338,False
NM_v308,TMPELiTr,2,NegaHyst,R5,7406,1768.9214512,0.2014158199999656,-7.0,0.0,SWEEP,NEG,7.0,46,80,0.42703369653398693,46,16.643080125083507,2.0893540994859485,0.08437203322662062,0.00024216808379,0.5547374695760864,False
NM_v309,TMPELiTr,1,NegaHyst,L4,20286,7475.2294233,0.20141620000003968,-7.0,0.0,SWEEP,NEG,7.0,126,80,0.43001236333848275,126,37.13725490158254,1.5276284951303432,0.04154527982563115,0.00036086142063,0.2938847938711271,False
NM_v309,TMPELiTr,1,NegaHyst,R5,20286,7475.2150722,0.20141560000001846,-3.0,0.0,SWEEP,NEG,3.0,126,80,0.18429156184667558,126,0.2222222222225536,1.516438115374781,0.03772909490722692,3.4105032682e-06,1.9295774648350603,False
NM_v309,TMPELiTr,1,Hyst,L8,20286,7475.2077405,0.2014150999998492,0.0,7.0,SWEEP,POS,7.0,126,80,0.430014711790419,126,1.1666666666766088,1.1537901758409979,0.061066964285279156,4.5634806156e-07,0.4032258064616687,False
NM_v310,TMPELiTr,2,NegaHyst,L6,7406,1768.9154442,0.2014150200000131,-7.0,0.0,SWEEP,NEG,7.0,46,80,0.42703539266835144,46,83.624999996762,1.6526053091022517,0.08989572401020597,0.0044205859303,900.1020920397826,True
NM_v311,TMPELiTr,1,NegaHyst,L7,20286,7475.2360428,0.20141680000051565,-3.0,0.0,SWEEP,NEG,3.0,126,80,0.1842904638748786,126,0.8846153846090311,1.2711309523396395,0.029836140863027688,1.1865049601e-06,2.4642857143665187,False
NM_v311,TMPELiTr,1,Hyst,R4,20286,7475.2137262,0.20141555999998673,0.0,7.0,SWEEP,POS,7.0,126,80,0.4300137297072743,126,1.2121212121098734,1.0060211404294601,0.009750536862145913,4.8933550715e-05,231.97499999475545,False
NM_v312,TMPELiTr,2,Hyst,R4,7406,1768.9212396,0.20141579999994974,0.0,7.0,SWEEP,POS,7.0,46,80,0.427033738937218,46,10.081967213590882,1.3396562048728542,0.06977923584421097,0.0003744084388,52.19238845121923,False
NM_v312,TMPELiTr,2,NegaHyst,L1,483,97.28373248,0.20141493999999582,-7.0,0.0,SWEEP,NEG,7.0,2,80,0.3597735506409978,3,66.14110429404256,6.889920724850875,0.2510739927627037,0.0026526600122,4.938332223579199,True
NM_v312,TMPELiTr,2,NegaHyst,L6,7406,1768.9176781,0.20141549999999597,-3.0,0.0,SWEEP,NEG,3.0,46,80,0.1830147321368965,46,1.3636363636408007,1.3377020532837554,0.053050766330756685,2.0170584321e-05,16.05405405404033,False
NM_v313,TMPELiTr,1,NegaHyst,L4,20286,7475.2179535,0.2014156599999808,-7.0,0.0,SWEEP,NEG,7.0,126,80,0.4300135162116086,126,882.8749999877841,1.4627066467467433,0.023566675767251098,0.095321938396,160.54957304779785,True
NM_v313,TMPELiTr,1,NegaHyst,L6,20286,7475.2229973,0.20141609999973298,-3.0,0.0,SWEEP,NEG,3.0,126,80,0.18429110435728763,126,0.897959183672631,1.2614881850057889,0.031870570735491655,3.3631920815e-05,3.30188679243969,False
NM_v313,TMPELiTr,1,Hyst,R7,20286,7475.226447,0.20141609999973298,0.0,7.0,SWEEP,POS,7.0,126,80,0.43001257683367117,126,8.161290322737068,1.0697330661008848,0.02479791923393741,0.00013726018369,12.627044711130907,False
NM_v314,TMPELiTr,5,Hyst,R6,810,432.95220428,0.20141512000000716,0.0,3.0,SWEEP,POS,3.0,10,40,0.3493797802785008,10,2.370370370318819,2.778349584634423,0.11084682056983669,2.5909394026e-06,0.8223388305735754,False
NM_v314,TMPELiTr,5,Hyst,L3,810,432.95210714,0.20141480000000023,0.0,3.0,SWEEP,POS,3.0,10,40,0.34938033535951823,10,1.2051282051303227,1.2439024390349298,0.09895368782181183,2.0675361156e-07,1.0090909090456521,False
NM_v315,TMPELiTr,6,Hyst,L5,810,432.95184686,0.2014148399999982,0.0,3.0,SWEEP,POS,3.0,10,40,0.3493802659742996,10,2.5365853658025586,3.3146771036961593,0.10930135091862628,3.5986304283e-06,0.7662337662229003,False
NM_v315,TMPELiTr,6,Hyst,R5,810,432.95194882,0.20141489999997475,0.0,3.0,SWEEP,POS,3.0,10,40,0.34938016189655874,10,2.830985915429057,3.565591397967099,0.12734735268558617,2.6877969503e-06,0.8217821782193254,False
NM_v316,TMPELiTr,5,TestNegativeV,?,16010,6011.4356369,0.21813859999974738,-5.0,5.0,SWEEP,BIPOLAR,5.0,10,800,0.05440386415237036,10,10.452030908121342,3.0270699907396166,0.167069003248203,0.00012567872182,0.057611242578278474,False
NM_v316,TMPELiTr,3,TestDynamicStudies,?,4010,812.39653516,0.20241692000001876,-1.6,0.0,SWEEP,NEG,1.6,10,160,0.037452636773375625,10,1.7185440853384941,1.4721506112686535,0.08731017121174892,2.3259417503e-07,0.5891295847470218,False
NM_v316,TMPELiTr,3,TestDynamicStudies,?,8010,1622.0642535,0.20241677999999297,-1.6,0.0,SWEEP,NEG,1.6,10,160,0.018749710029413186,10,1.5634099809027506,1.3100213603170046,0.063676032252851,2.2802123567e-07,0.7487236350963329,False
NM_v316,TMPELiTr,3,TestDynamicStudies,?,802,162.23687988,0.202417159999996,-1.0,0.0,SWEEP,NEG,1.0,2,100,0.018479897549458967,2,1.032653061228717,0.9931677744417425,0.006441896390572256,4.3595719035e-08,0.890599574417594,False
NM_v316,TMPELiTr,3,TestDynamicStudies,?,6010,1995.629676,0.2181311800000003,-3.0,0.0,SWEEP,NEG,3.0,10,300,0.04347930915537724,10,3.8253458551929644,1.7153574464038006,0.14754508324843513,6.6322209022e-06,0.8849033844987299,False
NM_v316,TMPELiTr,3,TestDynamicStudies,?,2010,407.56275054,0.20241696000002207,-1.6,0.0,SWEEP,NEG,1.6,10,100,0.07471892725516226,10,1.5872548023507465,1.2812511414308387,0.07760088644364595,1.8599166651e-07,0.6703667481967335,False
NM_v316,TMPELiTr,3,TestDynamicStudies,?,4010,1276.4838031,0.21813120000001618,-3.0,0.0,SWEEP,NEG,3.0,10,200,0.06516474415580141,10,4.197031600827792,1.59579740589498,0.10494433767729291,7.0976766438e-06,0.7466525405365214,False
NM_v316,TMPELiTr,3,TestDynamicStudies,?,20010,4051.0700052,0.20241698000000952,-1.6,0.0,SWEEP,NEG,1.6,10,160,0.0075054986978366324,10,1.3982042648908568,1.135147998472446,0.0396109272459734,2.7552414394e-07,0.753352126829223,False
NM_v316,TMPELiTr,3,TestDynamicStudies,?,1290,263.8397055,0.20241795999999113,-1.6,0.0,SWEEP,NEG,1.6,30,21,0.3615207591937328,30,1.4790455183941025,1.4173514667593803,0.08776917549949528,9.9606040749e-08,1.3679302124399322,False
NM_v316,TMPELiTr,3,TestDynamicStudies,?,8010,2485.7229592,0.21812869999985196,-3.0,0.0,SWEEP,NEG,3.0,10,300,0.0326234230934246,10,2.526671893347044,1.230945452031824,0.10882750333920282,7.9770816228e-06,0.9328547352243346,False
NM_v316,TMPELiTr,3,TestDynamicStudies,?,1010,205.14668104,0.20241744000000494,-1.6,0.0,SWEEP,NEG,1.6,10,50,0.14869771053813033,10,1.4625532778573014,1.3667816621870765,0.097048054793345,1.0763869795e-07,0.9891497789749747,False
NM_v316,TMPELiTr,3,TestDynamicStudies,?,8010,6417.9604062,0.6125114000001304,-1.6,1.6,SWEEP,BIPOLAR,1.6,10,320,0.012392441773611342,10,0.7885277347113114,0.742414304871381,0.05315730302051553,3.3264223021e-07,1.268598760717429,False
NM_v316,TMPELiTr,3,TestDynamicStudies,?,810,164.66178768,0.20241623999999092,-1.6,0.0,SWEEP,NEG,1.6,10,40,0.18541429382115066,10,1.4965047186846718,1.3850839156639008,0.09554277478132245,1.0685289453e-07,0.9968000306625115,False
NM_v316,TMPELiTr,3,TestDynamicStudies,?,8002,1619.641057,0.20241704000000027,-1.6,0.0,SWEEP,NEG,1.6,2,160,0.002963436465085284,2,1.4295567501659987,1.3132834471519004,0.05490534535120123,2.724082151e-07,0.7021194193052808,False
NM_v316,TMPELiTr,3,TestDynamicStudies,?,1510,306.35514882,0.20241761999999852,-1.6,0.0,SWEEP,NEG,1.6,10,75,0.09945996959714266,10,1.520271336185553,1.248977384471023,0.0719707451646068,1.7555794329e-07,0.7162380587490192,False
NM_v316,TMPELiTr,3,TestDynamicStudies,?,14010,5560.0880274,0.21814169999970545,-3.0,3.0,SWEEP,BIPOLAR,3.0,10,600,0.03730164827674431,10,0.5010109365151075,0.06668973170726845,0.06073197448424138,1.9637591322e-05,0.42873512858309804,False
NM_v316,TMPELiTr,1,TestVthreshold,L4,390,87.7476976,0.20241765999999473,0.0,1.4,SWEEP,POS,1.4,10,19,0.33695245862011236,10,0.7591329761347194,0.8834408364819906,0.029065453594123027,2.7963324101e-08,1.198207326616068,False
NM_v316,TMPELiTr,1,TestVthreshold,R5,390,87.74727562,0.20241610000000065,-1.4,0.0,SWEEP,NEG,1.4,10,19,0.3369550554779387,10,1.1390768831666764,1.1400183156300556,0.0328928163914326,7.3472074291e-07,1.0849529655298846,False
NM_v316,TMPELiTr,1,TestVthreshold,R5,270,99.45738558,0.20241683999999793,-1.0,0.0,SWEEP,NEG,1.0,10,13,0.34765077041204223,10,1.2159460309715624,1.0430970714095968,0.013312192767985252,3.0276169127e-07,1.0131531859575085,False
NM_v316,TMPELiTr,1,TestVthreshold,R5,430,95.41417224,0.2014141200000008,-1.6,0.0,SWEEP,NEG,1.6,10,21,0.3510065452144287,10,1.1633523754410375,1.2686855488203388,0.06372675524675764,8.3778286353e-07,0.947144445216485,False
NM_v316,TMPELiTr,1,TestVthreshold,L4,330,75.60269426,0.2024171200000069,0.0,1.2,SWEEP,POS,1.2,10,16,0.34132937515812267,10,0.7771836007126132,0.8154301473494925,0.05913501799847359,1.9217623048e-08,1.0339596789969991,False
NM_v316,TMPELiTr,1,TestVthreshold,L4,430,95.84423412,0.2024169200000001,0.0,1.6,SWEEP,POS,1.6,10,21,0.3492676127005816,10,0.927992799254211,0.9126490995648149,0.02471688693609945,3.5686753108e-08,1.220314735322448,False
NM_v316,TMPELiTr,1,TestVthreshold,R5,330,75.60255094,0.20241722000000095,-1.2,0.0,SWEEP,NEG,1.2,10,16,0.34132920653148363,10,1.087853205848972,1.0570124131165897,0.02057682540529741,5.0377275329e-07,1.3030398554551326,False
NM_v316,TMPELiTr,1,TestVthreshold,L4,270,63.45742908,0.20241683999999793,0.0,1.0,SWEEP,POS,1.0,10,13,0.34765077041204223,10,0.9002779708163433,0.7941504445156096,0.07929673655878128,1.4368197299e-08,1.0371070031044558,False
