set,branch,pixel,amp,i_peak,onoff,campaign,asym_neg_over_pos,chem,n,narea
v316_threshold,NEG,R5,1.0,3.0276169127e-07,1.0430970714095968,,,,,
v316_threshold,NEG,R5,1.2,5.0377275329e-07,1.0570124131165897,,,,,
v316_threshold,NEG,R5,1.4,7.3472074291e-07,1.1400183156300556,,,,,
v316_threshold,NEG,R5,1.6,8.3778286353e-07,1.2686855488203388,,,,,
v316_threshold,POS,L4,1.0,1.4368197299e-08,0.7941504445156096,,,,,
v316_threshold,POS,L4,1.2,1.9217623048e-08,0.8154301473494925,,,,,
v316_threshold,POS,L4,1.4,2.7963324101e-08,0.8834408364819906,,,,,
v316_threshold,POS,L4,1.6,3.5686753108e-08,0.9126490995648149,,,,,
dual,,L4,3.0,,,2025-02-04-NaTr,2.4715857418266416,,,
dual,,L5,2.0,,,2025-02-04-NaTr,9.50737580912222,,,
dual,,L5,3.0,,,2025-02-04-NaTr,0.07603662098220476,,,
dual,,L7,3.0,,,2025-02-04-NaTr,41.67595391192294,,,
dual,,unk,3.0,,,2025-02-12-NaTr,5.948011303517129,,,
dual,,R5,5.0,,,2025-01-23-LiTr,7.1382266280104645,,,
dual,,R5,1.6,,,2025-01-23-LiTr,6.740632720244297,,,
dual,,R5,3.0,,,2025-01-23-LiTr,16.80512698979151,,,
dual,,P1,3.0,,,2025-02-10-KTr,0.16251883045334267,,,
dual,,L6,3.0,,,2025-02-10-KTr,7.993390059536801,,,
reference,BIPOLAR,,,4.272442311e-07,0.6199999999989692,,,?,3,0.03994755244769782
reference,NEG,,,0.00020403531380000002,1.0187092785208993,,,?,4,0.006300832215642034
reference,POS,,,8.15372914075e-07,1.0602031656040816,,,?,2,0.02328282183569404
reference,BIPOLAR,,,6.8392255343e-05,0.7368421052774349,,,TMPEKTr,1,0.021787346798319115
reference,NEG,,,1.0784715414e-06,1.2202729045511596,,,TMPEKTr,5,0.08292548500881283
reference,POS,,,2.8347130865e-08,1.013513513510376,,,TMPEKTr,4,0.010653223410177113
reference,BIPOLAR,,,5.4078991525e-06,0.4307692307610983,,,TMPELiTr,6,0.061092116979698706
reference,NEG,,,1.21019320429e-05,1.4400290567530618,,,TMPELiTr,40,0.07583184604739557
reference,POS,,,3.1432136893000003e-06,1.2203739716280726,,,TMPELiTr,20,0.06875927972267931
reference,BIPOLAR,,,2.5285058655e-05,0.2169340463435162,,,TMPENaTr,1,0.17954351791718676
reference,NEG,,,0.00018031318905,2.0218012150655,,,TMPENaTr,2,0.08442234072815422
reference,POS,,,2.5079934858e-06,1.5472792342553572,,,TMPENaTr,2,0.10791539359668895
