salt,campaign,pixel,amp,n,rho,p,onoff_slow,onoff_fast
KTr,2025-02-10-KTr,L6,2.0,6,-0.2571428571428572,0.6227871720116618,0.6038600153584986,0.4839396923555742
KTr,2025-02-10-KTr,L6,3.0,7,-0.6785714285714287,0.0937502539598313,1.879940607977828,0.9177188493263567
KTr,2025-02-10-KTr,P1,2.0,10,-0.8666666666666665,0.0011735381801554687,0.7626317525713794,0.3471856827846912
LiTr,2025-01-23-LiTr,R5,1.6,10,0.2727272727272727,0.44583834154275137,1.2242157228121733,1.3430185077898595
LiTr,2025-02-12-LiTr,unk,3.0,7,-0.10714285714285716,0.8191508555699912,22.337118588283985,23.178933310758225
NaTr,2025-02-04-NaTr,L4,2.0,12,-0.9930069930069931,1.3016730560634403e-10,4.323056659786505,0.8421592751860911
NaTr,2025-02-04-NaTr,L5,1.6,6,0.028571428571428574,0.9571545189504373,2.065685778306009,2.1912073247168093
NaTr,2025-02-04-NaTr,L5,2.0,12,-0.5314685314685316,0.07536233505348364,3.5199258991580695,1.8901918115018093
NaTr,2025-02-04-NaTr,L7,2.0,8,-0.6190476190476191,0.1017330374542646,7.80503704555379,2.901928613091942
NaTr,2025-02-12-NaTr,unk,3.0,8,-0.4761904761904762,0.23293553465009798,14.86298423248527,7.945487188504485
