campaign,salt,pixel,v_read,pulse_levels,n_pulses,period_s,pot_ratio,growth_exp,depot_ratio,sat,file
2025-01-23-LiTr,LiTr,R5,0.0,-1.6,10,0.6777308439999999,4.644526445263248,1.5209361105284962,,False,"2025-01-23-LiTr/R5_Day3_dinamic studies/Cycles, -1.6V, 1steps.txt"
2025-01-23-LiTr,LiTr,R5,-0.8,-1.6;0,21,0.515508920952381,1.0713931229916185,,0.922,False,"2025-01-23-LiTr/R5_Day3_dinamic studies/Cycles, -1.6V, 2 steps.txt"
2025-01-23-LiTr,LiTr,R5,-1.28,-1.6;-0.96;-0.64;-0.32;0,81,0.28358846,1.0263428355102044,,0.880,False,"2025-01-23-LiTr/R5_Day3_dinamic studies/Cycles, -1.6V, 5 steps.txt"
2025-01-23-LiTr,LiTr,R5,0.0,-4;-3.5;-3;-1.5,394,6.214981493401016,15.545331833466518,0.27860329116664,,False,"2025-01-23-LiTr/R5_Day6_Relaxation-w-Vpul/-3,-35,-4Vpulses,10minrelax.txt"
2025-01-23-LiTr,LiTr,R5,-3.0,-4;0,500,0.08271946244,6.003442752831498,0.39128588206884213,0.183,False,"2025-01-23-LiTr/R5_Day6_Relaxation-w-Vpul/-reading-3V, -4V, 0V, 250 pulses.txt"
2025-01-23-LiTr,LiTr,R5,0.0,-1.5;3;3.5;4,2554,1.0640622639780737,1.4355987055279742,,0.747,False,"2025-01-23-LiTr/R5_Day6_Relaxation-w-Vpul/3,3.5,4Vpulses,10minrelax.txt"
2025-01-23-LiTr,LiTr,R5,0.0,-4;0.5,2000,0.0827818381,16.643970396318846,0.5550586578283646,0.002,False,"2025-01-23-LiTr/R5_Day6_Relaxation-w-Vpul/PULSES -4V, 0.5V.txt"
2025-01-23-LiTr,LiTr,R5,0.0,-4;4,2000,0.08277995711,3.8342844447316367,0.2818223260247274,0.021,False,"2025-01-23-LiTr/R5_Day6_Relaxation-w-Vpul/Pulses -4V, 4V.txt"
2025-01-23-LiTr,LiTr,R5,0.0,-4;2,2000,0.08278043731,14.13468519205489,0.5392939226902629,0.010,False,"2025-01-23-LiTr/R5_Day6_Relaxation-w-Vpul/pulses-4V,2v.txt"
2025-01-23-LiTr,LiTr,R5,-0.5,-4;0,500,0.08271885847999999,1.8295263905237644,0.18196895045912728,0.337,False,"2025-01-23-LiTr/R5_Day6_Relaxation-w-Vpul/reading -0.5V, -4V, 0V, 250 pulses.txt"
2025-01-23-LiTr,LiTr,R5,-1.0,-3;0,500,0.28402842736,1.1854065618213403,,0.633,False,"2025-01-23-LiTr/R5_Day6_Relaxation-w-Vpul/-1V reading voltage/-1V, reading , -3V, 3V, 250 pulses, 0.25 delay tme.txt"
2025-01-23-LiTr,LiTr,R5,-1.0,-3;3,500,0.28433563159999997,1.1332777854872655,,0.574,False,"2025-01-23-LiTr/R5_Day6_Relaxation-w-Vpul/-1V reading voltage/-1V, reading, -3V, 3V, 250 pulses, 0.25 s delay time.txt"
2025-01-23-LiTr,LiTr,R5,-1.0,-3;0,500,0.12298134000000001,1.796229764352424,0.18098200654266772,0.351,False,"2025-01-23-LiTr/R5_Day6_Relaxation-w-Vpul/-1V reading voltage/-reading -1V, -3V, 0V, 250 pulses, 0.08delay time.txt"
2025-01-23-LiTr,LiTr,R5,-1.0,-3;3,500,0.12329087928,1.5594284409112638,0.0988505412471239,0.365,False,"2025-01-23-LiTr/R5_Day6_Relaxation-w-Vpul/-1V reading voltage/-reading -1V, -3V, 3V, 250 pulses, 0.08 delay tiem.txt"
2025-01-23-LiTr,LiTr,R5,-1.0,-3;0,500,0.16324484588000002,1.6377664618021586,0.12811356828563547,0.487,False,"2025-01-23-LiTr/R5_Day6_Relaxation-w-Vpul/-1V reading voltage/reading  -1V, -3V, 0V. 250 pulses, 0.12 s delay tiem.txt"
2025-01-23-LiTr,LiTr,R5,-1.0,-3;3,500,0.16355241912,1.5663977461981782,0.150563684822748,0.410,False,"2025-01-23-LiTr/R5_Day6_Relaxation-w-Vpul/-1V reading voltage/reading - 1V, -3V, 3V, 250 pulses, 0.12 s delay time.txt"
2025-01-23-LiTr,LiTr,R5,-1.0,-3;2,500,0.08302791947999999,2.3130374147390396,0.2250166560040666,0.268,False,"2025-01-23-LiTr/R5_Day6_Relaxation-w-Vpul/-1V reading voltage/reading -1V,  3V, 2V, 250 pulses.txt"
2025-01-23-LiTr,LiTr,R5,-1.0,-3;0,500,0.08271688856000001,2.879374981445877,0.26498327058384563,0.300,False,"2025-01-23-LiTr/R5_Day6_Relaxation-w-Vpul/-1V reading voltage/reading -1V, -3V, 0V, 250 pulses, 0.06delay times.txt"
2025-01-23-LiTr,LiTr,R5,-1.0,-3;0,500,0.12298200756,2.0063943306573315,0.19965923774456923,0.379,False,"2025-01-23-LiTr/R5_Day6_Relaxation-w-Vpul/-1V reading voltage/reading -1V, -3V, 0V, 250 pulses, 0.1 s delay time.txt"
2025-01-23-LiTr,LiTr,R5,-1.0,-3;0,500,0.16324416519999999,1.7099496354686352,0.13445510408092937,0.450,False,"2025-01-23-LiTr/R5_Day6_Relaxation-w-Vpul/-1V reading voltage/reading -1V, -3V, 0V, 250 pulses, 0.15 delay time.txt"
2025-01-23-LiTr,LiTr,R5,-1.0,-3;0,500,0.24376586388000002,1.235311679010276,,0.559,False,"2025-01-23-LiTr/R5_Day6_Relaxation-w-Vpul/-1V reading voltage/reading -1V, -3V, 0V, 250 pulses, 0.2 s delay time.txt"
2025-01-23-LiTr,LiTr,R5,-1.0,-3;0,500,0.32428893828000005,1.1876672945222646,,0.531,False,"2025-01-23-LiTr/R5_Day6_Relaxation-w-Vpul/-1V reading voltage/reading -1V, -3V, 0V, 250 pulses, 0.3 s delay time.txt"
2025-01-23-LiTr,LiTr,R5,-1.0,-3;0,500,0.08271897392,3.029198444405872,0.30804415777792105,0.268,False,"2025-01-23-LiTr/R5_Day6_Relaxation-w-Vpul/-1V reading voltage/reading -1V, -3V, 0V.txt"
2025-01-23-LiTr,LiTr,R5,-1.0,-3;1,500,0.08302665020000001,2.335917360337178,0.1946133125500563,0.305,False,"2025-01-23-LiTr/R5_Day6_Relaxation-w-Vpul/-1V reading voltage/reading -1V, -3V, 1V plses 250.txt"
2025-01-23-LiTr,LiTr,R5,-1.0,-3;3,500,0.08302691476,2.5937347567105506,0.24849383342426384,0.207,False,"2025-01-23-LiTr/R5_Day6_Relaxation-w-Vpul/-1V reading voltage/reading -1V, -3V, 3V 250 pulses.txt"
2025-01-23-LiTr,LiTr,R5,-1.0,-3;3,500,0.12329077904,2.0611556275237493,0.1864817310700998,0.296,False,"2025-01-23-LiTr/R5_Day6_Relaxation-w-Vpul/-1V reading voltage/reading -1V, -3V, 3V, 250 pulses 0.1 delay time.txt"
2025-01-23-LiTr,LiTr,R5,-1.0,-3;3,500,0.0830261308,2.2295705280016587,0.19678422031733883,0.249,False,"2025-01-23-LiTr/R5_Day6_Relaxation-w-Vpul/-1V reading voltage/reading -1V, -3V, 3V, 250 pulses, 0.06 delay time.txt"
2025-01-23-LiTr,LiTr,R5,-1.0,-3;3,500,0.24407857196000002,1.3325325069553675,,0.539,False,"2025-01-23-LiTr/R5_Day6_Relaxation-w-Vpul/-1V reading voltage/reading -1V, -3V, 3V, 250 pulses, 0.2 s delay time.txt"
2025-01-23-LiTr,LiTr,R5,-1.0,-3;3,500,0.32459764388,1.109153782221785,,0.599,False,"2025-01-23-LiTr/R5_Day6_Relaxation-w-Vpul/-1V reading voltage/reading -1V, -3V, 3V, 250 pulses, 0.25s delay time.txt"
2025-01-23-LiTr,LiTr,R5,-1.0,-3;3,500,0.3245997682,1.1855580348932078,,0.579,False,"2025-01-23-LiTr/R5_Day6_Relaxation-w-Vpul/-1V reading voltage/reading -1V, -3V, 3V, 250 pulses, 0.3s delay time.txt"
2025-01-23-LiTr,LiTr,R5,-1.0,-3;3,500,0.16355440076,1.5088873921355306,0.13327600211231724,0.464,False,"2025-01-23-LiTr/R5_Day6_Relaxation-w-Vpul/-1V reading voltage/reading time -1V, -3V, 3V, 250 pulses, 0.15 delay time.txt"
2025-01-23-LiTr,LiTr,R5,-1.5,-2;2,500,0.08302637068,1.862704705945302,0.1606383671300909,0.350,False,"2025-01-23-LiTr/R5_Day6_Relaxation-w-Vpul/-1.5V reading voltage/reading - 1.5V, -2V, 2V, 250 pulses.txt"
2025-01-23-LiTr,LiTr,R5,-1.5,-3;3,100,0.0826981692,2.631510165176584,0.2823515637042217,0.343,False,"2025-01-23-LiTr/R5_Day6_Relaxation-w-Vpul/-1.5V reading voltage/reading - 1.5V, -3V, 3V, 50 pulses.txt"
2025-01-23-LiTr,LiTr,R5,-1.5,-4;4,2000,0.08309717985000001,5.836837292808281,0.6106711062444873,0.063,False,"2025-01-23-LiTr/R5_Day6_Relaxation-w-Vpul/-1.5V reading voltage/reading - 1.5V, pulses -4V, 4V, 1000pulses.txt"
2025-01-23-LiTr,LiTr,R5,-1.5,-2;0,500,0.0827186724,1.7858077994407455,0.16383890908186172,0.436,False,"2025-01-23-LiTr/R5_Day6_Relaxation-w-Vpul/-1.5V reading voltage/reading -1.5V, -2V, 0V, 250 pulses.txt"
2025-01-23-LiTr,LiTr,R5,-1.5,-3;0.5,500,0.08302517888,3.505266753425867,0.29649824585207113,0.218,False,"2025-01-23-LiTr/R5_Day6_Relaxation-w-Vpul/-1.5V reading voltage/reading -1.5V, -3V, 0.5V 250 pulses second.txt"
2025-01-23-LiTr,LiTr,R5,-1.5,-3;1,1000,0.08306866646000001,3.9174652915525154,0.3865899056751985,0.124,False,"2025-01-23-LiTr/R5_Day6_Relaxation-w-Vpul/-1.5V reading voltage/reading -1.5V, -3V, 1V, 500pulses.txt"
2025-01-23-LiTr,LiTr,R5,-1.5,-3;2,1000,0.08306785488,4.10909832833095,0.4092338433873796,0.093,False,"2025-01-23-LiTr/R5_Day6_Relaxation-w-Vpul/-1.5V reading voltage/reading -1.5V, -3V, 2 V 500 pulses.txt"
2025-01-23-LiTr,LiTr,R5,-1.5,-3;2,500,0.08302680324,3.793585273586091,0.3435153581394289,0.145,False,"2025-01-23-LiTr/R5_Day6_Relaxation-w-Vpul/-1.5V reading voltage/reading -1.5V, -3V, 2V, 250pulses.txt"
2025-01-23-LiTr,LiTr,R5,-1.5,-3;3,50,0.0822820484,1.8140792320386923,0.21537937129288184,0.416,False,"2025-01-23-LiTr/R5_Day6_Relaxation-w-Vpul/-1.5V reading voltage/reading -1.5V, -3V, 3V pulses 25.txt"
2025-01-23-LiTr,LiTr,R5,-1.5,-3;3,500,0.08302628052,3.689822540924163,0.3440545829497887,0.139,False,"2025-01-23-LiTr/R5_Day6_Relaxation-w-Vpul/-1.5V reading voltage/reading -1.5V, -3V, 3V, 250 pulses.txt"
2025-01-23-LiTr,LiTr,R5,-1.5,-3;0.5,1000,0.08306778692,3.386998289103116,0.3565932146360417,0.114,False,"2025-01-23-LiTr/R5_Day6_Relaxation-w-Vpul/-1.5V reading voltage/reading -1.5V, -3V,0.5V,500pulses.txt"
2025-01-23-LiTr,LiTr,R5,-1.5,-3;0,500,0.08271934112,2.892488542346933,0.21205654291331313,0.244,False,"2025-01-23-LiTr/R5_Day6_Relaxation-w-Vpul/-1.5V reading voltage/reading -1.5V, pulses -3V, 0V, 250 pulse.txt"
2025-01-23-LiTr,LiTr,R5,-1.5,-3;3,500,0.08302657908000001,2.482280511951745,0.18542730771897814,0.173,False,"2025-01-23-LiTr/R5_Day6_Relaxation-w-Vpul/-1.5V reading voltage/reading -1.5Vm -3V, 3V, 250 pulses second.txt"
2025-01-23-LiTr,LiTr,R5,-1.5,-2;1,500,0.0830268304,1.8896876121702268,0.17386508828489525,0.369,False,"2025-01-23-LiTr/R5_Day6_Relaxation-w-Vpul/-1.5V reading voltage/reading, -1.5V, -2V, 1V, 250 pulses.txt"
2025-01-23-LiTr,LiTr,R5,-1.5,-3;0.5,500,0.08302576444,2.737202603432596,0.2815308821460365,0.219,False,"2025-01-23-LiTr/R5_Day6_Relaxation-w-Vpul/-1.5V reading voltage/reading, -1.5V, -3V, 1V, 250 pulses.txt"
2025-01-23-LiTr,LiTr,R5,-1.5,-3;1,500,0.08302645008000001,3.1560572659391517,0.297952228020216,0.189,False,"2025-01-23-LiTr/R5_Day6_Relaxation-w-Vpul/-1.5V reading voltage/reading-1.5V, -3V, 1V, 250 pulses.txt"
2025-01-23-LiTr,LiTr,R5,-1.5,-4;4,1000,0.08306748438,4.023261845772352,0.40877315078358034,0.061,False,"2025-01-23-LiTr/R5_Day6_Relaxation-w-Vpul/-1.5V reading voltage/reading-1.5V, -4V,4V, 500pulses.txt"
2025-01-23-LiTr,LiTr,R5,-1.5,-3;3,1000,0.08306836816,3.349922148137593,0.3018281575718262,0.131,False,"2025-01-23-LiTr/R5_Day6_Relaxation-w-Vpul/-1.5V reading voltage/reading-1.5V,-3V,3V,500pulses.txt"
2025-01-23-LiTr,LiTr,R5,-1.5,-4;0.5,2000,0.08308913260999999,6.67902659383093,0.4685833119389367,0.266,False,"2025-01-23-LiTr/R5_Day6_Relaxation-w-Vpul/-1.5V reading voltage/reading-1.5V_pulses-4V,-0.5V_1000-1000 pulses.txt"
2025-01-23-LiTr,LiTr,R5,-2.0,-3;0,500,0.08271824112000001,3.4220582821646714,0.2489351305370687,0.227,False,"2025-01-23-LiTr/R5_Day6_Relaxation-w-Vpul/-2V reading voltage/reading -2V, -3V, 0V, 250 pulses.txt"
2025-01-23-LiTr,LiTr,unk,0.0,-4;-3.5;-3;-1.5,394,6.214981493401016,15.545331833466518,0.27860329116664,,False,2025-01-23-LiTr/New Text Document.txt
2025-02-04-NaTr,NaTr,L4,-2.0,-3;3,100,0.12296220440000001,5.137570621476742,0.26735920794310775,0.684,False,"2025-02-04-NaTr/L4/pulses/50 pulses, -3V, 3V, 0.04bp, -1.5V constant.txt"
2025-02-04-NaTr,NaTr,L4,-2.0,-3;3,100,0.12296220440000001,5.137570621476742,0.26735920794310775,0.684,False,"2025-02-04-NaTr/L4/pulses/50 pulses, -3V, 3V, 0.04bp, -2V constnat.txt"
2025-02-04-NaTr,NaTr,L4,-1.2,-3;3,100,0.1229608186,1.9363291824205704,0.08536221526166307,0.713,False,"2025-02-04-NaTr/L4/pulses/50pulses, -3V, 3V, 0.04BP, -12V constant.txt"
2025-02-04-NaTr,NaTr,L4,-1.0,-3;3,100,0.12295931660000001,1.4025371511381346,,0.570,False,"2025-02-04-NaTr/L4/pulses/50pulses, -3V, 3V, 0.04bp, -1V constant.txt"
2025-02-04-NaTr,NaTr,L5,-1.5,-3;3,500,0.1232907864,7.6431226765221085,-0.06338712178989568,0.588,False,"2025-02-04-NaTr/L5/pulses/-1.5V reading, 250 pulses, -3V. 3V.txt"
2025-02-04-NaTr,NaTr,L5,-1.5,-3;3,100,0.1229587194,7.772792362811384,0.01644674503008515,0.717,False,"2025-02-04-NaTr/L5/pulses/-1.5V reading, 50 pulses -3V, 3V.txt"
2025-02-04-NaTr,NaTr,L5,-1.5,-5;5,100,0.1229613186,2.528150765604386,0.022096804423606998,0.736,False,"2025-02-04-NaTr/L5/pulses/-1.5V reading, 50 pulses -5V, 5V.txt"
2025-02-04-NaTr,NaTr,L5,-1.5,-4;4,100,0.12295868139999999,3.756886227540523,0.027060890729518627,0.730,False,"2025-02-04-NaTr/L5/pulses/-1.5V reading, 50 pulses, -4V, 4V.txt"
2025-02-04-NaTr,NaTr,L5,-1.0,-5;5,100,0.122961273,1.5871247292008035,0.23546474473789633,0.488,False,"2025-02-04-NaTr/L5/pulses/-1V reading, 50 pulses 4 V,-4V.txt"
2025-02-04-NaTr,NaTr,L5,-1.0,-5;5,100,0.122961273,1.5871247292008035,0.23546474473789633,0.488,False,"2025-02-04-NaTr/L5/pulses/-1V reading, 50 pulses, -5V, 5V.txt"
2025-02-04-NaTr,NaTr,L5,-1.0,-3;3,500,0.12329306788,2.0557510148691,-0.05636212340780579,0.563,False,"2025-02-04-NaTr/L5/pulses/-1V, 250 pulses, -3V, 3V.txt"
2025-02-04-NaTr,NaTr,L5,-1.0,-3;3,100,0.122959956,1.8936666666917796,0.1554286837805376,0.748,False,"2025-02-04-NaTr/L5/pulses/-1V, 50 pulses,-3V 3V.txt"
2025-02-04-NaTr,NaTr,L5,-2.0,-4;4,100,0.122959832,8.498256735254294,0.10476294248162057,0.687,False,"2025-02-04-NaTr/L5/pulses/-2V reading, 50 pulses, -4V, 4V.txt"
2025-02-04-NaTr,NaTr,L5,-2.0,-3;3,100,0.1229578184,6.000976801048065,0.34815024291831964,0.693,False,"2025-02-04-NaTr/L5/pulses/-2V reading, 50 pulses,-3V, 3V.txt"
2025-02-04-NaTr,NaTr,L5,-2.0,-3;3,500,0.12329216512,14.123943661774273,0.4530984773963942,0.572,False,"2025-02-04-NaTr/L5/pulses/-2V, 250 pulses, -3V, 3V.txt"
2025-02-04-NaTr,NaTr,L7,-1.0,-3;3,500,0.12329078808,1.2553600879755844,,0.157,False,"2025-02-04-NaTr/L7/pulses/pulse-3V, reading -1V, 250pulses.txt"
2025-02-10-KTr,KTr,L6,-2.0,-5;5,500,0.12329393652000001,19.33469387760272,1.0580162573673062,0.147,False,"2025-02-10-KTr/L6/Pulses/-250pulses, -5V, -2V, 0.04dt.txt"
2025-02-10-KTr,KTr,L6,-2.25,-5.0,900,0.7489806306222223,9.718260782883274,0.4803663288898535,,True,"2025-02-10-KTr/L6/Pulses/1000pulses, -5V, -2.25V, relaxation.txt"
2025-02-10-KTr,KTr,L6,-2.25,-5;5,1050,0.08280782971428571,369.178947368226,1.6056429565615573,0.012,True,"2025-02-10-KTr/L6/Pulses/1000pulses, -5V. -2.25V, 0.022dt.txt"
2025-02-10-KTr,KTr,L6,-1.0,-3;3,500,0.12329551844,1.3565217391358477,,0.383,False,"2025-02-10-KTr/L6/Pulses/250pulses, -3V, -1V, 0.04dt.txt"
2025-02-10-KTr,KTr,L6,-2.0,-3;3,500,0.12329260028,8.250000000099659,0.4229444368698308,0.735,False,"2025-02-10-KTr/L6/Pulses/250pulses, -3V, -2V, 0.04dt.txt"
2025-02-10-KTr,KTr,L6,-1.0,-5;5,500,0.12329514868,9.64509803902482,0.6802781994558103,0.081,False,"2025-02-10-KTr/L6/Pulses/250pulses, -5V, -1V, 0.04dt.txt"
2025-02-10-KTr,KTr,L6,-2.25,-5;5,500,0.0830265586,817.000000004389,2.0208311616904826,0.044,False,"2025-02-10-KTr/L6/Pulses/250pulses, -5V, -2.25, 0.02dt.txt"
2025-02-10-KTr,KTr,L6,-2.0,-5;5,500,0.16354929871999999,81.60000000039727,1.4144086544101446,0.184,False,"2025-02-10-KTr/L6/Pulses/250pulses, -5V, -2V , 0.06DT.txt"
2025-02-10-KTr,KTr,L6,-2.0,-5;5,500,0.2038178936,37.60000000053102,1.1597696114609515,0.193,False,"2025-02-10-KTr/L6/Pulses/250pulses, -5V, -2V, 0.08dt.txt"
2025-02-10-KTr,KTr,L6,-2.0,-5;5,500,0.2440850036,17.374999999614122,0.9778865462271444,0.188,False,"2025-02-10-KTr/L6/Pulses/250pulses,-5V,-2V, 0.1s.txt"
2025-02-10-KTr,KTr,L6,-2.0,-5;5,500,0.44539486668,4.799999999959735,0.38848400766565655,0.239,False,"2025-02-10-KTr/L6/Pulses/250pulses,-5V,-2V, 0.2s.txt"
2025-02-10-KTr,KTr,L6,-2.25,-5;5,1000,0.12333900764000001,770.5142857083982,1.7523656240239562,0.010,False,"2025-02-10-KTr/L6/Pulses/500pulses, -5V, -2.25V constant, 0.04dt.txt"
2025-02-10-KTr,KTr,L6,-2.0,-5;5,1000,0.12333476326000001,51.26545454577812,1.0349485226783872,0.098,False,"2025-02-10-KTr/L6/Pulses/500pulses, -5V, -2V constant, 0.04dt (2).txt"
2025-02-10-KTr,KTr,L6,-2.25,-5;5,500,0.12330334936,300.5108645604495,1.1902017132784501,0.019,False,"2025-02-10-KTr/L6/Pulses/pulses 250, -5V, 5V, -2.25V constant, 0.04dt.txt"
2025-02-10-KTr,KTr,L6,-2.25,-5;5,100,0.122961244,136.76548801880836,1.3824952869814346,0.029,False,"2025-02-10-KTr/L6/Pulses/pulses 50, -5V, -2.25constant, 0.04dt.txt"
2025-02-10-KTr,KTr,L6,-2.25,-5;5,100,0.2840105472,40.006929637601075,1.3239997042773641,0.039,False,"2025-02-10-KTr/L6/Pulses/pulses 50, -5V, 5V, -2,25 constant, 0.12dt.txt"
2025-02-10-KTr,KTr,L6,-2.25,-5;5,100,0.4047911838,29.14717317069084,1.2055127052636063,0.045,False,"2025-02-10-KTr/L6/Pulses/pulses 50, -5V, 5V, -2.25 constant, 0.18dt.txt"
2025-02-10-KTr,KTr,L6,-2.25,-5;5,100,0.525571962,29.05014991301764,1.2052303174141858,0.040,False,"2025-02-10-KTr/L6/Pulses/pulses 50, -5V, 5V, -2.25, 0.25dt.txt"
2025-02-10-KTr,KTr,L6,-2.25,-5;5,100,0.16322548739999998,115.49597049602859,1.5158711539362302,0.023,False,"2025-02-10-KTr/L6/Pulses/pulses 50, -5V, 5V, -2.25constant, 0.06dt.txt"
2025-02-10-KTr,KTr,L6,-2.25,-5;5,100,0.3645219314,30.127107953467142,1.2233220803982663,0.046,False,"2025-02-10-KTr/L6/Pulses/pulses 50, -5V, 5V, -2.25constant, 0.16dt.txt"
2025-02-10-KTr,KTr,L6,-2.25,-5;5,100,0.2437486354,56.06082337355221,1.4301224951712186,0.032,False,"2025-02-10-KTr/L6/Pulses/pulses 50, -5V, 5V, -2.25constant, 0.1dt.txt"
2025-02-10-KTr,KTr,L6,-2.25,-5;5,100,0.44504653580000003,28.543902252606543,1.2013010614770177,0.044,False,"2025-02-10-KTr/L6/Pulses/pulses 50, -5V, 5V, -2.25constant, 0.2dt.txt"
2025-02-10-KTr,KTr,L6,-2.25,-5;5,100,0.6463616908,28.36968985743427,1.1909372887800336,0.039,False,"2025-02-10-KTr/L6/Pulses/pulses 50, -5V, 5V, -2.25constant, 0.3dt.txt"
2025-02-10-KTr,KTr,L6,-2.25,-5;5,100,0.32427503420000003,34.349349377029526,1.2666194593495228,0.043,False,"2025-02-10-KTr/L6/Pulses/pulses 50, -5v, 5V, -2.25constant, 0.14dt.txt"
2025-02-10-KTr,KTr,L6,-2.25,-5;5,100,0.2034915148,81.82021326557815,1.5039024301471187,0.026,False,"2025-02-10-KTr/L6/Pulses/pulses, 50, -5V, 5V, -2.25 constant, 0.08dt.txt"
2025-02-10-KTr,KTr,L6,-2.25,-5.0,1200,0.58250139415,428.43999999834625,1.1222880202104666,,True,"2025-02-10-KTr/L6/pulses levels constant/-2.2V constant, 100s pulses, 0.02bp, daly time 10 min.txt"
2025-02-10-KTr,KTr,L6,-2.25,-5.0,330,1.898044898060606,4.039156877419322,0.22574402278331057,,False,"2025-02-10-KTr/L6/pulses levels constant/-2.2V constant, 25s pulses, 0.02s bp, delay time - Copy.txt"
2025-02-10-KTr,KTr,L6,-2.25,-5.0,900,0.7488390568,28.496881328692474,0.9053094145759262,,True,"2025-02-10-KTr/L6/pulses levels constant/-2.2V constant, 75s pulses, 0.02s bp, delay time.txt"
2025-02-10-KTr,KTr,P1,-1.5,-3;3,40,0.1223396055,5.523673934320281,0.6557689345903043,0.690,False,"2025-02-10-KTr/Pixel 1/pulses/-3V, 3V, 20 pulses, 0.04dt, -1.5V constant.txt"
2025-02-10-KTr,KTr,P1,-1.5,-5;5,40,0.1223449115,3.1527904848668507,0.45431070496616116,0.485,False,"2025-02-10-KTr/Pixel 1/pulses/-5V, 5V, 20 pulses, -1.5Constante, 0.04dt2.txt"
2025-02-10-KTr,KTr,P1,-1.0,-3;3,40,0.12233848750000001,3.9340413235134704,0.43650306941887235,0.678,False,"2025-02-10-KTr/Pixel 1/pulses/-5V, 5V, 20 pulses, 0.04dt, -1Vconstant.txt"
2025-02-10-KTr,KTr,P1,-1.5,-5;5,100,0.1229693278,4.810319673923927,0.3903701880442808,0.575,False,"2025-02-10-KTr/Pixel 1/pulses/-5V, 5V, 50 pulses, 0.04dt, -1.5V contant.txt"
2025-02-10-KTr,KTr,P1,-1.5,-7;7,40,0.1223551295,2.161437257049313,0.1560170803374206,0.679,False,"2025-02-10-KTr/Pixel 1/pulses/-7V, 7V, 20 pulses, 0.04dt, -1.5V.txt"
2025-02-10-KTr,KTr,P1,-1.5,-3;0,100,0.2434367716,1.1717239721030988,,0.340,False,"2025-02-10-KTr/Pixel 1/pulses/pulses -3V, 0V, 50 pulses, -1.5V constnate.txt"
2025-02-10-KTr,KTr,P1,-1.5,-7;0,100,0.2434512514,1.8440099317546783,,0.056,False,"2025-02-10-KTr/Pixel 1/pulses/pulses, -7V, 0V, 50pulses, -1V constante.txt"
2025-02-12-LiTr,LiTr,unk,-5.0,-2.25;-1,1202,0.5814619349417638,45.584059314727014,0.9996320094971771,,False,"2025-02-12-LiTr/Pulses relaxation/-1V, -5V pulses, xs, relaxation.txt"
2025-02-12-LiTr,LiTr,unk,-2.25,-5.0,1230,0.5702136496097562,302.1695767200291,1.5043438507021618,,False,"2025-02-12-LiTr/Pulses relaxation/-2.25V, -5V pulses, 100 s, relaxation.txt"
2025-02-12-LiTr,LiTr,unk,-2.25,-5.0,1230,0.5701477549756098,163.2987854199872,1.5039612936691864,,False,"2025-02-12-LiTr/Pulses relaxation/-2.25V, -5V pulses, 100s relaxation b.txt"
2025-02-12-LiTr,LiTr,unk,-2.25,-5.0,7200,0.16674576877777778,518.9004516703088,1.157953295129847,,False,"2025-02-12-LiTr/Pulses relaxation/-2.25V, -5V pulses, 6000s, relaxation.txt"
2025-02-12-LiTr,LiTr,unk,-2.25,-5.0,930,0.7272574522365591,390.9381578872315,1.5759592347175295,,False,"2025-02-12-LiTr/Pulses relaxation/-2.25V, -5V pulses, 75s, relaxation.txt"
2025-02-12-LiTr,LiTr,unk,-2.25,-5.0,630,1.03388511015873,99.75894357684203,1.4114146978861377,,False,"2025-02-12-LiTr/Pulses relaxation/-2.25v, -5v PULSES, 50 S, RELAXATION.txt"
2025-02-12-LiTr,LiTr,unk,-2.25,-5;5,650,0.12304937384615386,16.55126050425003,0.8147437762694583,0.017,False,"2025-02-12-LiTr/Pulses, pot-depot/-2.25V, -5v, 5v, pot depot, 600 s.txt"
2025-02-12-NaTr,NaTr,unk,-2.25,-5.0,1200,0.5824295720333333,771.5104100967909,1.4073203312533962,,False,"2025-02-12-NaTr/pulses, relaxation/-2.25V _0.02b_-5V_100s_relaxation.txt"
2025-02-12-NaTr,NaTr,unk,-2.25,-5.0,1230,0.5701038899186991,33.00832450440401,1.0130359371244555,,False,"2025-02-12-NaTr/pulses, relaxation/-2.25V, 0.02bp, -5V, 100s relaxation b.txt"
2025-02-12-NaTr,NaTr,unk,-2.25,-5.0,630,1.0338273410158731,57.196462584766984,1.383298368025122,,False,"2025-02-12-NaTr/pulses, relaxation/-2.25V, 0.02bp, -5V, 50s relaxation.txt"
2025-02-12-NaTr,NaTr,unk,-2.25,-5.0,930,0.7271821723225808,32.775493716367365,1.0261013127546907,,False,"2025-02-12-NaTr/pulses, relaxation/-2.25V, 0.02bp,-5V,75s relaxation.txt"
2025-02-12-NaTr,NaTr,unk,-2.5,-5.0,1230,0.5701071224065041,8.300233192480494,0.39972115609606096,,False,"2025-02-12-NaTr/pulses, relaxation/-2.5V _0.02b_-5V_100s_relaxation.txt"
2025-02-17-KTr,KTr,unk,-2.25,-5.0,2400,0.3331710310166667,3.199174558176296,0.3236935368668746,,True,"2025-02-17-KTr/-200s, -2.25V, -5V, 0.02s.txt"
2025-02-17-KTr,KTr,unk,-2.25,-5.0,4800,0.20845543383333334,41.73356770840273,0.4687158787854681,,True,"2025-02-17-KTr/-400s, -2.25V, -5V, 0.02s.txt"
2025-02-17-KTr,KTr,unk,-2.25,-5.0,1200,0.58269924215,1.6819281124933967,0.1557729463499659,,True,"2025-02-17-KTr/100s, -2.25V, -5V, 0.02s (2).txt"
2025-02-17-KTr,KTr,unk,-2.25,-5.0,7170,0.16726038327754533,2.484670348026925,0.26898152245268303,,True,"2025-02-17-KTr/100s, -2.25V, -5V, 0.02s.txt"
2025-02-17-KTr,KTr,unk,-2.25,-5.0,7170,0.1672350169177127,3.881034408650853,0.3416508628550223,,True,"2025-02-17-KTr/400s, -2.25V, -5V, 0.02s.txt"
2025-02-17-KTr,KTr,unk,-2.25,-5.0,600,1.0817570035666668,3.354757018752536,0.27995104786946323,,True,"2025-02-17-KTr/50s, -2,25V, -5V, 0.02s.txt"
2025-02-17-KTr,KTr,unk,-2.25,-5.0,7170,0.1672350169177127,3.881034408650853,0.3416508628550223,,True,"2025-02-17-KTr/600 s, -2.25V, -5V, 0,02_third.txt"
2025-02-17-KTr,KTr,unk,-2.25,-5.0,7170,0.16725128596931657,2.8240833463630097,0.49957430909763384,,True,"2025-02-17-KTr/600s, -2.25V, -5V, 0.02 s_second.txt"
2025-02-17-KTr,KTr,unk,-2.25,-5.0,7200,0.16678587631944444,1.5722727007461572,0.4723504761448801,,True,"2025-02-17-KTr/600s, -2.25V, -5V, 0.02s.txt"
2025-02-17-KTr,KTr,unk,-2.25,-5.0,9600,0.14591689704166666,696.5282882866835,1.8169270064824632,,True,"2025-02-17-KTr/600s, -2.25V, -5V, 0.02s_forth.txt"
2025-02-17-KTr,KTr,unk,-2.25,-5;5,10000,0.083124331482,4.741699194381907,0.42205827723252237,0.005,True,"2025-02-17-KTr/pot depot -2.25V, pulses -5V, 5000pulses.txt"
2025-02-17-KTr,KTr,unk,-2.25,-5;5,14400,0.08312924647222222,1.538325391394288,0.08077882056062544,0.006,True,"2025-02-17-KTr/pot depot -2.25V, pulses, -5V, 7200 pulses.txt"
2025-02-17-KTr,KTr,unk,-2.25,-5;5,14400,0.08313255508333334,3.4817855720307724,0.3638373934343966,0.015,True,"2025-02-17-KTr/pot depot, -2.25V, pulses -5V, 7200 pulses_second.txt"
2025-02-17-NaTr,NaTr,unk,-2.25,-5.0,7230,0.16603863807745506,7.1428943258202535,0.27950642213670585,,False,"2025-02-17-NaTr/pulse, relaxation/-6000, -2.25V, -5, 5VV pulses, 0.02s.txt"
2025-02-17-NaTr,NaTr,unk,-2.25,-5.0,7200,0.16651597154166667,6.478886956526463,0.29890923997778185,,False,"2025-02-17-NaTr/pulse, relaxation/-600s, -2.25V, -5V pulses, 0.02_second.txt"
2025-02-17-NaTr,NaTr,unk,-2.25,-5.0,7230,0.16603281056708158,37.87360000101837,1.2040199673304017,,False,"2025-02-17-NaTr/pulse, relaxation/-600s, -2.25V, -5V, 0.02s.txt"
2025-02-17-NaTr,NaTr,unk,-2.25,-5.0,18030,0.11641158225734886,153.59215686227537,1.012265550788965,,False,"2025-02-17-NaTr/pulse, relaxation/1500s, -2.25V, -5V, pulses 0.02s.txt"
2025-02-17-NaTr,NaTr,unk,-2.25,-5.0,7230,0.16602677546334715,512.4938005313319,1.4980295853942083,,False,"2025-02-17-NaTr/pulse, relaxation/600, -2.25V, -5V, 5V, 0.02s.txt"
2025-02-17-NaTr,NaTr,unk,-2.25,-5.0,7230,0.1660395775242047,297.34318010441456,0.9652196952938562,,False,"2025-02-17-NaTr/pulse, relaxation/600s, -2.25V, -5V,5V, 0.02sthirdNa2.txt"
2025-02-17-NaTr,NaTr,unk,-2.25,-5;5,14400,0.08310726238888888,37.33164556973735,0.8989464491777481,0.005,False,"2025-02-17-NaTr/pulse, relaxation/7200 pulses, -2.25V, -5V, 5V, 0.02 s.txt"
2025-02-17-NaTr,NaTr,unk,-2.25,-5;5,14400,0.0831049905625,306.0545454599856,1.0499101037506122,0.006,False,"2025-02-17-NaTr/pulse, relaxation/7200 pulses, -2.25V, -5V, 5V, 0.02 s_second.txt"
