campaign,salt,pixel,v_hold,i_start,i_end,drift,t63,dur
2025-01-23-LiTr,LiTr,L4,-3.0,4.24809513785e-07,2.8845061024e-06,6.790116531758926,93.97790908,122.05233498
2025-01-23-LiTr,LiTr,L4,-2.5,3.1223498809000003e-07,3.7919198802999996e-07,1.2144442567105898,107.34257448,122.08844352
2025-01-23-LiTr,LiTr,L4,-2.0,2.2479787276e-07,1.6905880784e-07,0.7520480766314526,17.109328,122.04187142
2025-01-23-LiTr,LiTr,L4,-1.5,1.3397357179e-07,1.0616872714e-07,0.7924602272037402,34.85605652,122.04390514
2025-01-23-LiTr,LiTr,L4,-1.0,7.40810719435e-08,6.39674908595e-08,0.8634795526215737,2.25816388,122.0998414
2025-01-23-LiTr,LiTr,L6,-3.0,5.45822149435e-06,4.1747276555e-05,7.648512724925894,37.68014634,122.573042
2025-01-23-LiTr,LiTr,L6,-2.5,3.22028336085e-06,1.4500961697e-05,4.503007987835096,28.67910058,122.59441734
2025-01-23-LiTr,LiTr,L6,-2.0,1.8527443899e-06,4.2977344492499995e-06,2.3196585954752047,14.8519665,122.13582648
2025-01-23-LiTr,LiTr,L6,-1.5,9.4411564078e-07,8.38064238455e-07,0.8876711731654149,5.59525374,122.09784088
2025-01-23-LiTr,LiTr,L6,-1.0,4.13247221335e-07,3.7190739022e-07,0.8999634383954205,11.583961,122.16951834
2025-01-23-LiTr,LiTr,R4,-3.0,1.34779838845e-07,1.0499930795e-05,77.9043133229679,107.12659864,610.36749432
2025-01-23-LiTr,LiTr,R4,-3.0,1.8354912754e-06,4.7549161536e-05,25.905414083560725,36.2106327,122.08789804
2025-01-23-LiTr,LiTr,R4,-2.5,1.3253156794e-06,1.7211226805e-05,12.986511117707375,22.74429038,122.09292324
2025-01-23-LiTr,LiTr,R4,-2.0,3.8036796468e-07,6.18686681265e-06,16.265478134718713,54.62041352,122.12198132
2025-01-23-LiTr,LiTr,R4,-1.5,1.8868115603e-07,4.5016690819000005e-07,2.3858604518960242,14.01583764,122.11864398
2025-01-23-LiTr,LiTr,R4,-1.0,1.0005396689e-07,9.42860651775e-08,0.9423520936572033,11.14631758,122.03771678
2025-01-23-LiTr,LiTr,R5,-4.0,7.155737193900001e-07,5.71277050765e-05,79.83482837407618,90.53636722,123.00629038
2025-01-23-LiTr,LiTr,R5,-3.0,4.45234309155e-06,6.0184829636e-05,13.517563314072406,107.53901672,305.6163931
2025-01-23-LiTr,LiTr,R5,-2.5,3.9726251089e-07,2.7392809442999997e-07,0.6895392515551242,15.54206194,122.03384356
2025-01-23-LiTr,LiTr,R5,-2.5,4.18502850155e-07,2.69253519035e-07,0.6433732026801661,31.7616764,122.0596696
2025-01-23-LiTr,LiTr,R5,-2.0,6.170462256699999e-07,1.5130499378e-06,2.452085232604904,4.41203604,123.23421332
2025-01-23-LiTr,LiTr,R5,-1.5,2.49995650845e-07,5.738961590399999e-07,2.295624572268346,7.14211706,122.54443632
2025-01-23-LiTr,LiTr,R5,-1.5,5.2170582876e-07,6.34852540315e-07,1.216878373438781,2.80807938,313.84621824
2025-01-23-LiTr,LiTr,R5,-1.0,1.06198626785e-07,1.49799689095e-07,1.4105614510277116,13.74410922,122.6888476
2025-01-23-LiTr,LiTr,R5,-1.0,1.2178372799e-07,1.58164880305e-07,1.2987357417567915,24.33375416,305.16791742
2025-01-23-LiTr,LiTr,R5,-0.5,4.6252978336499995e-08,4.3653130887999996e-08,0.9437907018746864,32.85782188,122.71181172
2025-01-23-LiTr,LiTr,R5,-0.3,3.3197949278500004e-08,3.11459231735e-08,0.9381881667513433,31.1588144,122.86781418
2025-01-23-LiTr,LiTr,R5,0.0,9.11477116005e-10,1.16081366745e-10,0.1273552179277787,201.97823342,2989.0810999
2025-01-23-LiTr,LiTr,R6,-3.0,1.65338860825e-07,3.5966964788e-05,217.53485301963343,41.66357144,122.0499319
2025-01-23-LiTr,LiTr,R6,-2.5,2.2747553884999998e-07,1.1912859918e-05,52.3698503066542,20.28352406,122.06834128
2025-01-23-LiTr,LiTr,R6,-2.0,1.2979762687e-07,3.2506250136e-06,25.043793881190854,13.8559016,122.1034471
2025-01-23-LiTr,LiTr,R6,-1.5,2.89744548355e-08,3.8196378682e-07,13.182777346064555,14.24086608,122.06060958
2025-01-23-LiTr,LiTr,R6,-1.0,4.0006398194e-09,2.559886525e-09,0.6398692810551292,1.0578987,122.03501094
2025-02-04-NaTr,NaTr,L4,-3.0,6.1472746893000005e-09,5.0730914154e-06,825.2586181369553,155.58082424,306.8007431
2025-02-04-NaTr,NaTr,L4,-2.5,4.6120476327e-09,2.18607783605e-06,473.99290079972985,147.8560871,306.91334826
2025-02-04-NaTr,NaTr,L4,-2.0,2.805791155e-09,7.1716567618e-07,255.601944892438,123.77842284,307.5306057
2025-02-04-NaTr,NaTr,L4,-1.5,1.7098500393e-09,1.2590135156999998e-07,73.63297872691986,194.8057003,306.54789742
2025-02-04-NaTr,NaTr,L4,-1.2,1.165062713e-09,7.2777766036e-09,6.2466822793255075,0.0,307.0318217
2025-02-04-NaTr,NaTr,L4,-1.0,1.0304574971000001e-09,9.0130924946e-10,0.8746690203104349,1.54874246,321.01105376
2025-02-04-NaTr,NaTr,L5,-3.0,1.7159254639499999e-07,2.8181630114e-06,16.42357474498157,78.42821222,122.48367406
2025-02-04-NaTr,NaTr,L5,-2.75,1.91185790755e-07,2.1513296814999998e-06,11.25256052243379,70.56932922,122.89109608
2025-02-04-NaTr,NaTr,L5,-2.5,1.4278339222e-07,1.2520304153499999e-06,8.768739808484709,63.4958746,122.57125436
2025-02-04-NaTr,NaTr,L5,-2.25,6.97446012055e-08,5.9664944274e-07,8.55477603179626,61.2149556,122.61384298
2025-02-04-NaTr,NaTr,L5,-2.0,3.2298885344e-08,2.9198690754e-07,9.04015430966694,62.69428652,122.58432148
2025-02-04-NaTr,NaTr,L5,-1.75,1.15778675535e-08,1.1777956387999999e-07,10.17282011007244,68.130754,122.46810538
2025-02-04-NaTr,NaTr,L5,-1.5,5.29325916435e-09,3.5007360566e-08,6.613573883133082,76.02970954,122.70786336
2025-02-04-NaTr,NaTr,L5,-1.0,1.8353603082e-09,1.7607817426e-09,0.9593657085931308,0.67135238,122.63722908
2025-02-04-NaTr,NaTr,L5,-0.5,4.4656189857e-10,1.6370904632e-10,0.3665987780064449,2.23994552,127.15997864
2025-02-04-NaTr,NaTr,L7,-3.0,3.1124545785e-07,6.759282769099999e-06,21.716888065744985,108.22157578,305.0608451
2025-02-04-NaTr,NaTr,L7,-2.5,1.59598130265e-07,2.7634141588499997e-06,17.31482790093825,79.7070766,305.05624484
2025-02-04-NaTr,NaTr,L7,-2.0,2.7564965421e-08,8.1859798229e-07,29.69704368525571,105.503463,305.11751148
2025-02-04-NaTr,NaTr,L7,-1.5,6.663867679899999e-09,1.6592184692500002e-07,24.898730721419412,148.9391888,305.10840226
2025-02-04-NaTr,NaTr,L7,-1.2,2.0845618565e-09,2.07273842535e-08,9.94328097718409,180.25401682,305.09475466
2025-02-04-NaTr,NaTr,L7,-1.0,1.3033059075999999e-09,2.564775059e-09,1.967899511575881,0.0,305.087242
2025-02-10-KTr,KTr,L6,-3.0,2.5108456612e-06,0.0004023835063,160.25816023581882,133.2182555,306.94290752
2025-02-10-KTr,KTr,L6,-3.0,1.0430812836e-07,0.00033880025148,3248.071428438389,334.23003242,1104.5781202
2025-02-10-KTr,KTr,L6,-3.0,1.2135133147e-06,0.0007058745250100001,581.6784343932012,544.51808098,1608.8911585
2025-02-10-KTr,KTr,L6,-2.5,1.26474187705e-05,4.5428692829e-05,3.5919339474203267,113.74295968,307.1506226
2025-02-10-KTr,KTr,L6,-2.25,2.74775084105e-06,9.662064258e-06,3.516353853360237,14.35801192,308.03128104
2025-02-10-KTr,KTr,L6,-2.0,3.248926987e-06,1.5736004570499999e-06,0.48434466620717564,0.0,308.39727326
2025-02-10-KTr,KTr,L6,-1.75,9.894301911150001e-07,2.03672243515e-07,0.2058480177216742,0.0,308.02821544
2025-02-10-KTr,KTr,L6,-1.5,3.71295755035e-07,2.3706888896e-08,0.06384907065195314,0.0,307.10690198
2025-02-10-KTr,KTr,L6,-1.2,4.2872670747e-08,1.6825651983e-09,0.03924563524929776,40.7610826,307.19581312
2025-02-10-KTr,KTr,L6,-1.0,1.0151779861e-08,3.6197889131e-10,0.03565669235013763,20.29458924,307.2653862
2025-02-10-KTr,KTr,L6,-0.5,2.0354491426e-09,1.2842065189e-09,0.6309204646889909,0.10175138,309.06149178
2025-02-10-KTr,KTr,P1,-1.5,2.47009666055e-08,2.4338078219e-09,0.0985308737415191,20.21149672,307.7255247
2025-02-10-KTr,KTr,P1,-1.2,1.80671122505e-08,9.8771124613e-10,0.054669015857952925,20.5744018,307.87503824
2025-02-10-KTr,KTr,P1,-1.0,1.6004378267000002e-08,9.4223651104e-10,0.0588736716491406,23.57501928,307.13258726
2025-02-12-LiTr,LiTr,unk,-3.0,4.0233135223e-07,4.954636097e-05,123.14814815047257,128.7100966,307.64683808
2025-02-12-LiTr,LiTr,unk,-2.5,7.5995922089e-07,1.5795230865e-05,20.784313724757443,123.34837346,308.92985578
2025-02-12-LiTr,LiTr,unk,-2.0,8.0466270447e-07,1.1473894119e-06,1.4259259258893338,192.64718352,308.34885636
2025-02-12-LiTr,LiTr,unk,-1.5,8.4936618805e-07,6.5565109253e-07,0.7719298245616101,81.5354459,307.69156454
2025-02-12-LiTr,LiTr,unk,-1.0,8.9406967163e-07,8.6426734924e-07,0.9666666666640569,0.14245788,307.95999744
2025-02-12-NaTr,NaTr,unk,-3.0,4.9200025387e-08,4.6272114559499995e-05,940.4896480343355,443.68625996,610.25105226
2025-02-12-NaTr,NaTr,unk,-3.0,1.0219810065e-07,3.9142330934e-05,383.0044852599714,226.86570096,306.14413808
2025-02-12-NaTr,NaTr,unk,-3.0,7.7486038208e-07,3.2603740692e-05,42.07692307674836,155.10317514,305.2595567
2025-02-12-NaTr,NaTr,unk,-2.5,1.70737621375e-07,1.66395911945e-05,97.4570868476233,399.47398172,610.26541596
2025-02-12-NaTr,NaTr,unk,-2.5,6.2584877014e-07,6.8694353104e-06,10.976190476276454,206.42397214,305.06087312
2025-02-12-NaTr,NaTr,unk,-2.0,9.6624717116e-09,7.3362025432e-07,75.92469879516165,473.59978046,610.18077806
2025-02-12-NaTr,NaTr,unk,-2.0,3.60669218935e-08,1.59189949045e-06,44.13738148075489,404.01798032,610.27992614
2025-02-12-NaTr,NaTr,unk,-2.0,8.1956386566e-07,4.6193599701e-07,0.5636363636383603,223.26660168,305.05722242
2025-02-12-NaTr,NaTr,unk,-1.5,8.3446502686e-07,8.3446502686e-07,1.0,305.0145081,305.0145081
2025-02-12-NaTr,NaTr,unk,-1.0,1.3533281162e-09,8.731149137e-11,0.0645161290339266,16.39484506,610.44621614
2025-02-12-NaTr,NaTr,unk,-1.0,8.6426734924e-07,8.9406967163e-07,1.0344827586234826,1.38279746,305.00890476
